SchoolDist,HealthArea,Address,BldgClass,BldgArea,NumFloors,YearBuilt,XCoord,YCoord,ForAlign
2,7700,160 CHAMBERS STREET,C6,9565,4,1915,981375,200067,0
2,7700,162 CHAMBERS STREET,S2,10020,5,1915,981352,200083,0
2,7700,158 CHAMBERS STREET,C6,8815,5,1915,981395,200054,0
2,7700,156 CHAMBERS STREET,D2,10500,6,1920,981415,200043,0
2,7700,154 CHAMBERS STREET,L8,7797,5,1920,981436,200030,0
2,7700,150 CHAMBERS STREET,RM,17839,5,1915,981468,200011,0
2,7700,295 GREENWICH STREET,RM,103856,11,1987,981270,200085,0
2,7700,92 WARREN STREET,R4,26445,13,1920,981292,200001,0
2,7700,139 CHAMBERS STREET,D4,25473,10,1915,981637,200062,0
2,7700,143 CHAMBERS STREET,L8,10800,5,1915,981615,200084,0
2,7700,145 CHAMBERS STREET,L8,9125,5,1915,981594,200098,0
2,7700,147 CHAMBERS STREET,D9,130568,12,1997,981579,200171,0
2,7700,155 CHAMBERS STREET,D2,8900,5,1920,981487,200161,1
2,7700,145 READE STREET,A4,11913,5,1910,981442,200279,0
2,7700,135 READE STREET,S4,4761,3,1920,981547,200216,0
2,7700,303 GREENWICH STREET,RM,87895,11,1987,981352,200238,0
2,7700,311 GREENWICH STREET,RM,66167,10,1988,981333,200343,0
2,7700,137 READE STREET,RM,29564,5,1930,981494,200247,0
2,7700,153 CHAMBERS STREET,RM,9262,5,1920,981508,200148,0
2,7700,157 CHAMBERS STREET,RM,92408,16,1931,981432,200193,0
2,7700,126 READE STREET,O5,19200,6,1915,981647,200304,0
2,7700,134 READE STREET,L8,6925,3,1915,981601,200327,0
2,7700,144 READE STREET,A7,5300,5.5,1915,981504,200384,0
2,7700,146 READE STREET,S3,6068,4,1915,981485,200403,0
2,7700,148 READE STREET,A7,6800,5,1999,981461,200410,0
2,7700,150 READE STREET,A7,6250,6,1999,981440,200423,0
2,7700,152 READE STREET,A7,6750,5.5,1900,981418,200436,0
2,7700,154 READE STREET,K4,5850,4,1915,981397,200449,0
2,7700,156 READE STREET,S1,6800,6,1920,981376,200461,0
2,7700,315 GREENWICH STREET,S5,6545,5,1930,981334,200476,0
2,7700,317 GREENWICH STREET,L8,18345,5,1920,981352,200505,0
2,7700,321A GREENWICH STREET,A4,7077,5,1915,981366,200562,0
2,7700,323 GREENWICH STREET,S4,9664,5,1920,981361,200586,0
2,7700,323A GREENWICH STREET,S4,7765,5,1915,981356,200614,0
2,7700,188 DUANE STREET,S3,6000,4,1915,981409,200597,0
2,7700,182 DUANE STREET,S9,14000,5,1915,981445,200528,0
2,7700,180 DUANE STREET,D0,13500,5,1915,981466,200516,0
2,7700,178 DUANE STREET,C2,13500,5,1910,981488,200503,0
2,7700,174 DUANE STREET,S3,12268,5,1910,981533,200483,0
2,7700,172 DUANE STREET,O2,7830,2,1910,981551,200464,0
2,7700,158 READE STREET,A4,945,3,1910,981337,200458,0
2,7700,168 DUANE STREET,RM,19196,5,1880,981598,200436,0
2,7700,184 DUANE STREET,RM,10705,5,1915,981434,200562,0
2,7700,170 DUANE STREET,RM,13038,4,1986,981573,200451,0
2,7700,166 DUANE STREET,RM,95010,12,1910,981640,200404,0
2,7700,176 DUANE STREET,RM,13577,7,1910,981509,200490,0
2,7700,321 GREENWICH STREET,RM,13382,5,1915,981361,200538,0
2,7700,138 READE STREET,RM,16734,8,2005,981547,200359,0
2,7700,292 GREENWICH STREET,W1,66820,3,1988,981023,200219,0
2,7700,25 HARRISON STREET,A9,1850,2.75,1899,981299,201097,0
2,7700,27 HARRISON STREET,A9,2643,2.75,1940,981276,201101,0
2,7700,27A HARRISON STREET,A9,5000,2.75,1899,981251,201105,0
2,7700,29 HARRISON STREET,A9,2660,2,1960,981229,201113,0
2,7700,31 HARRISON STREET,A9,2079,2,1960,981209,201115,0
2,7700,33 HARRISON STREET,A9,1485,2,1960,981181,201119,0
2,7700,37 HARRISON STREET,A9,2660,2,1960,981197,201079,0
2,7700,39 HARRISON STREET,A9,3080,2,1899,981193,201058,0
2,7700,41 HARRISON STREET,B9,3080,2,1960,981189,201038,0
2,7700,310 GREENWICH STREET,D6,1970736,39,1975,981237,201417,0
2,7700,47 HUDSON STREET,D4,77630,10,1930,981656,200678,0
2,7700,55 HUDSON STREET,D4,103750,10,1900,981669,200770,0
2,7700,171 DUANE STREET,D4,11250,5,1920,981567,200700,0
2,7700,173 DUANE STREET,D4,24500,6,1925,981529,200706,0
2,7700,181 DUANE STREET,S3,5950,5,1920,981441,200701,0
2,7700,183 DUANE STREET,D2,4426,5,1920,981422,200704,0
2,7700,185 DUANE STREET,S5,5155,6,1920,981400,200708,0
2,7700,325 GREENWICH STREET,D2,11726,5,1920,981368,200713,0
2,7700,329 GREENWICH STREET,D2,11309,5,1920,981405,200747,0
2,7700,331 GREENWICH STREET,S3,6368,4,1920,981410,200773,0
2,7700,333 GREENWICH STREET,A7,6800,6,2000,981398,200800,0
2,7700,335 GREENWICH STREET,D4,55800,13,1931,981421,200836,0
2,7700,14 JAY STREET,D4,17168,8,1920,981531,200798,0
2,7700,8 JAY STREET,RM,24584,6,1915,981569,200792,0
2,7700,177 DUANE STREET,RM,20243,6,1920,981478,200715,0
2,7700,16 JAY STREET,RM,25415,6,1920,981487,200803,0
2,7700,16 HUDSON STREET,D4,78306,6,1915,981792,200305,0
2,7700,155 DUANE STREET,S4,3205,5,1910,981879,200430,0
2,7700,157 DUANE STREET,C6,8805,5,1920,981870,200463,0
2,7700,40 HUDSON STREET,D0,9947,6,1910,981807,200544,0
2,7700,44 HUDSON STREET,O8,12900,5,1910,981825,200593,0
2,7700,84 THOMAS STREET,D4,37960,5,1910,981887,200557,0
2,7700,142 WEST BROADWAY,D5,20372,5,1915,981941,200554,0
2,7700,138 WEST BROADWAY,S3,4214,4,1915,981942,200509,0
2,7700,136 WEST BROADWAY,S3,4521,4,1915,981930,200488,0
2,7700,134 WEST BROADWAY,S3,4521,4,1915,981917,200467,0
2,7700,132 WEST BROADWAY,O2,2500,2,1920,981905,200445,0
2,7700,130 WEST BROADWAY,K2,1268,2,1920,981902,200416,0
2,7700,56 HUDSON STREET,O4,802000,23,1930,981938,200738,0
2,7700,42 HUDSON STREET,RM,14900,6,1915,981816,200569,0
2,7700,36 HUDSON STREET,RM,34787,8,1910,981806,200499,0
2,7700,159 DUANE STREET,RM,10795,6,1910,981848,200476,0
2,7700,50 HUDSON STREET,RM,16184,4,1925,981827,200629,0
2,7700,113 READE STREET,K2,3750,2,1915,981815,200055,0
2,7700,111 READE STREET,S4,8800,5,1920,981838,200042,0
2,7700,105 READE STREET,L8,16822,5,1920,981893,200009,0
2,7700,109 READE STREET,RM,8218,5,1920,981860,200028,0
2,7700,92 READE STREET,D2,7425,5,1930,982096,200034,0
2,7700,94 READE STREET,D2,7006,5,1930,982075,200046,0
2,7700,110 READE STREET,C5,8500,6,1900,981903,200148,0
2,7700,112 READE STREET,K4,8080,5,1920,981880,200162,0
2,7700,146 DUANE STREET,C7,21000,5,1920,982002,200198,0
2,7700,144 DUANE STREET,S3,26500,5.5,1920,982038,200177,0
2,7700,142 DUANE STREET,D0,29000,7,1920,982073,200156,0
2,7700,134 DUANE STREET,D0,38700,5,1920,982122,200127,0
2,7700,130 DUANE STREET,HB,17452,5,2003,982188,200089,0
2,7700,176 CHURCH STREET,K4,9000,2,1940,982129,200014,0
2,7700,100 READE STREET,RM,37902,7,1895,982022,200078,0
2,7700,150 DUANE STREET,RM,26327,5,1915,981936,200237,0
2,7700,104 READE STREET,RM,27716,5.5,1920,981946,200123,0
2,7700,132 DUANE STREET,RM,14240,6,1930,982166,200101,0
2,7700,148 DUANE STREET,RM,18436,6,1930,981970,200217,0
2,7700,131 DUANE STREET,D6,25000,5,1915,982183,200272,0
2,7700,145 DUANE STREET,S4,9373,5,1930,982054,200349,0
2,7700,147 DUANE STREET,S4,6200,5,1915,982026,200352,0
2,7700,149 DUANE STREET,D7,6200,5,1915,982003,200366,0
2,7700,135 WEST BROADWAY,K4,2055,3,1920,982033,200390,0
2,7700,137 WEST BROADWAY,S4,8717,5,1915,982046,200412,0
2,7700,141 WEST BROADWAY,O2,2422,3,1940,982058,200433,0
2,7700,70 THOMAS STREET,C6,11500,5,1915,982101,200428,0
2,7700,145 WEST BROADWAY,RM,15020,6,1915,982079,200467,0
2,7700,143 DUANE STREET,RM,8264,5,1915,982074,200337,0
2,7700,56 THOMAS STREET,R1,11133,6,1920,982251,200339,0
2,7700,68 THOMAS STREET,RM,11704,5,1880,982122,200415,0
2,7700,129 DUANE STREET,RM,19830,5,1915,982253,200292,0
2,7700,58 THOMAS STREET,R1,11223,7,2002,982230,200352,0
2,7700,60 THOMAS STREET,R1,11083,6,1920,982209,200364,0
2,7700,52 THOMAS STREET,RM,47441,7,1915,982286,200273,0
2,7700,137 DUANE STREET,RM,74927,5,1915,982145,200356,0
2,7700,63 THOMAS STREET,O6,110750,7,1920,982182,200540,0
2,7700,40 WORTH STREET,O6,702815,18,1929,982312,200527,0
2,7700,122 DUANE STREET,D5,29165,5,1920,982296,200024,0
2,7700,101 DUANE STREET,D6,434418,53,1988,982584,200041,0
2,7700,117 DUANE STREET,O6,314784,15,1954,982424,200188,0
2,7700,22 THOMAS STREET,O2,15840,2,1941,982545,200162,0
2,7700,18 THOMAS STREET,O7,7100,2,1949,982589,200141,0
2,7700,317 BROADWAY,K2,7692,2,1982,982775,200066,0
2,7700,315 BROADWAY,O5,20746,5,1910,982757,200039,0
2,7700,311 BROADWAY,D7,19930,5,1930,982736,200006,0
2,7700,8 THOMAS STREET,RM,13124,5,1915,982703,200077,0
2,7700,325 BROADWAY,O5,50000,5,1915,982872,200218,0
2,7700,319 BROADWAY,D7,13156,5,1910,982809,200119,0
2,7700,321 BROADWAY,RC,31720,6,1915,982830,200152,0
2,7700,75 CENTRE STREET,O3,353000,10,1934,983598,200014,0
2,7700,93 CENTRE STREET,Q2,17600,1,1915,983745,200254,0
2,7700,111 CENTRE STREET,Z3,640000,12,1958,983853,200432,0
2,7700,336 BROADWAY,D6,139697,15,1999,983120,200269,0
2,7700,346 BROADWAY,O3,418991,13,1920,983311,200269,0
2,7700,111 WORTH STREET,D6,419639,19,2001,983282,200155,0
2,7700,358 BROADWAY,L8,48180,5,1900,983405,200511,0
2,7700,360 BROADWAY,D7,31500,5,1900,983323,200567,0
2,7700,109 LEONARD STREET,Z1,400975,12,1972,983491,200373,0
2,7700,356 BROADWAY,RM,38352,5,1915,983309,200491,0
2,7700,354 BROADWAY,RM,43369,11,1900,983294,200467,0
2,7700,101 LEONARD STREET,RX,105353,12,1920,983269,200430,0
2,7700,364 BROADWAY,D0,93378,12,1920,983393,200640,0
2,7700,368 BROADWAY,O5,18800,5,1920,983414,200673,0
2,7700,370 BROADWAY,O5,18105,5,1915,983428,200695,0
2,7700,83 WHITE STREET,F5,25000,5,1915,983630,200639,0
2,7700,76 LAFAYETTE STREET,H8,317464,17,1920,983669,200563,0
2,7700,40 FRANKLIN STREET,O6,14840,7,1920,983666,200481,0
2,7700,54 FRANKLIN STREET,D5,29575,6,1920,983510,200593,0
2,7700,376 BROADWAY,RM,117020,24,1990,983470,200759,0
2,7700,81 WHITE STREET,R4,23233,6,1915,983588,200666,0
2,7700,77 WHITE STREET,R1,12586,6,1915,983555,200687,0
2,7700,50 FRANKLIN STREET,R4,75111,18,2007,983563,200559,0
2,7700,372 BROADWAY,RB,25166,5,1915,983442,200717,0
2,7700,83 WORTH STREET,O5,20700,5,1920,982808,200443,0
2,7700,74 LEONARD STREET,D7,24423,5,1920,982751,200597,0
2,7700,343 BROADWAY,D6,396000,21,2005,982955,200467,0
2,7700,339 BROADWAY,K1,4630,1,1968,982944,200383,0
2,7700,66 LEONARD STREET,RM,136112,14,1900,982684,200626,0
2,7700,65 WORTH STREET,RM,99735,7,1920,982673,200519,0
2,7700,79 WORTH STREET,RM,78126,6,1880,982794,200549,0
2,7700,93 WORTH STREET,RM,132235,17,1924,982907,200356,0
2,7700,83 LEONARD STREET,S9,11502,5,1910,982927,200677,0
2,7700,79 LEONARD STREET,S9,34932,5,1910,982889,200686,0
2,7700,75 LEONARD STREET,C7,23072,6,1920,982845,200713,0
2,7700,73 LEONARD STREET,S4,11945,5,1910,982812,200733,0
2,7700,71 LEONARD STREET,C7,12927,5,1910,982792,200745,0
2,7700,69 LEONARD STREET,D5,14425,5,1910,982776,200764,0
2,7700,253 CHURCH STREET,L8,16536,6,1915,982774,200813,0
2,7700,97 FRANKLIN STREET,L9,9360,5,1915,982793,200880,0
2,7700,91 FRANKLIN STREET,L9,10298,5,1920,982851,200830,0
2,7700,89 FRANKLIN STREET,L9,11200,5,1915,982871,200818,0
2,7700,87 FRANKLIN STREET,L9,11200,5,1915,982891,200806,0
2,7700,85 FRANKLIN STREET,K4,4300,2,1915,982911,200794,0
2,7700,81 FRANKLIN STREET,D7,25738,6,1915,982942,200775,0
2,7700,79 FRANKLIN STREET,S9,3231,3,1915,982977,200768,0
2,7700,77 FRANKLIN STREET,S3,5292,4,1915,982995,200758,0
2,7700,75 FRANKLIN STREET,L9,4400,3,1915,983012,200747,0
2,7700,71 FRANKLIN STREET,D9,18095,5,1921,983042,200729,0
2,7700,67 FRANKLIN STREET,D7,52282,7,1915,983143,200682,0
2,7700,359 BROADWAY,L9,21500,5,1915,983121,200646,0
2,7700,355 BROADWAY,K4,15000,2,1915,983096,200626,0
2,7700,353 BROADWAY,K4,15000,2,1915,983078,200599,0
2,7700,351 BROADWAY,K4,14445,4,1915,983062,200573,0
2,7700,349 BROADWAY,O6,42000,9,1915,983056,200547,0
2,7700,6567 LEONARD STREET,RM,8348,5,1915,982727,200754,0
2,7700,95 FRANKLIN STREET,RM,20094,7,1915,982824,200853,0
2,7700,85 LEONARD STREET,RM,21246,5,1910,982948,200665,0
2,7700,87 LEONARD STREET,R1,30003,6,0,982977,200645,0
2,7700,70 FRANKLIN STREET,D6,20500,5,1915,983108,200844,0
2,7700,74 FRANKLIN STREET,S4,9796,5,1915,983078,200862,0
2,7700,76 FRANKLIN STREET,C6,11100,5,1915,983055,200876,0
2,7700,78 FRANKLIN STREET,S9,15563,6,1915,983034,200889,0
2,7700,80 FRANKLIN STREET,S9,11020,5,1915,983013,200902,0
2,7700,82 FRANKLIN STREET,S5,15300,6,1915,982992,200914,0
2,7700,84 FRANKLIN STREET,L9,6132,4,1915,982971,200927,0
2,7700,273 CHURCH STREET,K4,7799,4,1910,982902,201014,0
2,7700,275 CHURCH STREET,S9,7111,4,1910,982915,201036,0
2,7700,277 CHURCH STREET,S3,6375,4,1910,982928,201058,0
2,7700,279 CHURCH STREET,L9,8975,4,1910,982942,201080,0
2,7700,281 CHURCH STREET,D4,11300,6,1910,982955,201103,0
2,7700,41 WHITE STREET,C7,12000,5,1915,983002,201030,0
2,7700,43 WHITE STREET,D5,33500,7,1915,983035,201010,0
2,7700,47 WHITE STREET,M1,12563,2,1967,983077,200985,0
2,7700,51 WHITE STREET,C7,19700,5,1915,983115,200962,0
2,7700,373 BROADWAY,O5,45006,6,1915,983254,200847,0
2,7700,365 BROADWAY,D7,63600,8,1920,983199,200761,0
2,7700,377 BROADWAY,RB,80149,11,1920,983282,200891,0
2,7700,39 WHITE STREET,RM,13319,5,1920,982980,201043,0
2,7700,55 WHITE STREET,RM,35019,7,1860,983157,200936,0
2,7700,90 FRANKLIN STREET,RM,86640,17,1915,982876,200970,0
2,7700,88 FRANKLIN STREET,RM,33563,7,1915,982938,200947,0
2,7700,5 FRANKLIN PLACE,RM,83596,19,1920,983227,200805,0
2,7700,57 WORTH STREET,W6,60610,9,1928,982498,200628,0
2,7700,53 WORTH STREET,W6,49000,5,1915,982432,200668,0
2,7700,41 WORTH STREET,D0,13100,5,1915,982333,200727,0
2,7700,39 WORTH STREET,D0,11000,5,1915,982309,200742,0
2,7700,35 WORTH STREET,O2,12000,4,1915,982271,200748,0
2,7700,33 WORTH STREET,S2,6765,5,1915,982235,200758,0
2,7700,175 WEST BROADWAY,O2,2725,4,1915,982253,200788,0
2,7700,177 WEST BROADWAY,O5,3951,3,1915,982283,200805,0
2,7700,179 WEST BROADWAY,K2,2580,2,1915,982292,200828,0
2,7700,40 LEONARD STREET,W8,235000,9,2006,982378,200798,0
2,7700,56 LEONARD STREET,RM,366501,56,0,982519,200736,0
2,7700,59 LEONARD STREET,O3,202000,15,1948,982642,200888,0
2,7700,57 LEONARD STREET,L9,11400,5,1915,982572,200877,0
2,7700,55 LEONARD STREET,S9,10800,5,1915,982550,200890,0
2,7700,111 FRANKLIN STREET,W6,33464,5,1915,982562,201003,0
2,7700,105 FRANKLIN STREET,S4,25947,6,1915,982611,200974,0
2,7700,103 FRANKLIN STREET,S3,9091,4,1915,982638,200958,0
2,7700,51 LEONARD STREET,R1,29476,8,1882,982518,200909,0
2,7700,102 FRANKLIN STREET,O5,11720,5,1915,982724,201078,0
2,7700,104 FRANKLIN STREET,O8,10500,5,1900,982703,201092,0
2,7700,106 FRANKLIN STREET,L9,11000,5,1915,982681,201105,0
2,7700,108 FRANKLIN STREET,D4,22309,5,1900,982648,201125,0
2,7700,114 FRANKLIN STREET,S5,11000,5,1915,982594,201158,0
2,7700,116 FRANKLIN STREET,L9,9071,5,1915,982553,201153,0
2,7700,217 WEST BROADWAY,D6,26981,7,2005,982563,201231,0
2,7700,225 WEST BROADWAY,K4,3875,3,1915,982579,201307,0
2,7700,229 WEST BROADWAY,K4,2820,4,1915,982591,201331,0
2,7700,3 WHITE STREET,L9,32803,6,1918,982596,201262,0
2,7700,9 WHITE STREET,C6,17100,5,1912,982652,201243,0
2,7700,13 WHITE STREET,D4,49000,6,1890,982707,201211,0
2,7700,112 FRANKLIN STREET,RM,11466,5,1867,982616,201144,0
2,7700,211 WEST BROADWAY,RM,31876,6,1915,982524,201189,0
2,7700,7 WORTH STREET,D4,43095,6,1920,981993,200934,0
2,7700,1 WORTH STREET,D4,19285,6,1915,981907,200964,0
2,7700,84 HUDSON STREET,D0,51748,7,1915,981895,201117,0
2,7700,10 LEONARD STREET,D0,29610,7,1920,981961,201075,0
2,7700,24 LEONARD STREET,G1,37936,4,1940,982130,200971,0
2,7700,176 WEST BROADWAY,D6,52930,10,2008,982188,200920,0
2,7700,33 LEONARD STREET,K1,679,1,1970,982243,201041,0
2,7700,31 LEONARD STREET,L9,14300,7,1910,982234,201072,0
2,7700,29 LEONARD STREET,L9,14300,7,1920,982214,201087,0
2,7700,23 LEONARD STREET,S5,14350,6,1920,982151,201124,0
2,7700,17 LEONARD STREET,C0,6400,3,1920,982086,201163,0
2,7700,100 HUDSON STREET,D4,73954,10,1919,981916,201252,0
2,7700,153 FRANKLIN STREET,A4,5148,3,1915,982047,201245,0
2,7700,149 FRANKLIN STREET,C6,22600,6,1915,982099,201237,0
2,7700,143 FRANKLIN STREET,L9,33800,6,1915,982164,201218,0
2,7700,139 FRANKLIN STREET,L2,56384,10,1915,982221,201199,0
2,7700,137 FRANKLIN STREET,D4,12127,6,2011,982261,201195,0
2,7700,198 WEST BROADWAY,O1,800,1,1915,982248,201135,0
2,7700,19 LEONARD STREET,R1,14368,4,1920,982119,201143,0
2,7700,25 LEONARD STREET,R1,11289,6,1930,982172,201112,0
2,7700,155 FRANKLIN STREET,RM,40682,6.5,1982,981996,201233,0
2,7700,5 WORTH STREET,RM,10422,5,1915,981939,200966,0
2,7700,27 LEONARD STREET,R1,11143,6,1920,982193,201099,0
2,7700,18 LEONARD STREET,R4,77625,8,1915,982033,201028,0
2,7700,15 LEONARD STREET,R1,23004,90,1940,982040,201182,0
2,7700,73 HUDSON STREET,O8,11500,5,1910,981698,200979,0
2,7700,75 HUDSON STREET,C2,11300,5,1910,981703,201005,0
2,7700,81 HUDSON STREET,S1,3894,3,1920,981732,201065,0
2,7700,9 JAY STREET,A9,4083,3,1940,981603,200919,0
2,7700,13 JAY STREET,D0,13250,5,1915,981556,200948,0
2,7700,15 JAY STREET,L9,11000,5,1920,981531,200952,0
2,7700,19 JAY STREET,A4,7178,5,1920,981483,200951,0
2,7700,353 GREENWICH STREET,S4,7500,5,1900,981455,201099,0
2,7700,17 HARRISON STREET,B1,6000,4,1920,981507,201072,0
2,7700,4 STAPLE STREET,A5,2850,2,1920,981612,200965,0
2,7700,15 HARRISON STREET,S2,6600,4,1900,981525,201051,0
2,7700,71 HUDSON STREET,RM,15421,7,1915,981694,200954,0
2,7700,69 HUDSON STREET,RM,22544,5,1915,981688,200910,0
2,7700,11 JAY STREET,RM,10589,5,1920,981581,200942,0
2,7700,11 HARRISON STREET,RM,14486,7,1915,981574,201045,0
2,7700,17 JAY STREET,R1,1000,5,1920,981507,200956,0
2,7700,13 HARRISON STREET,RM,11428,4.5,1920,981549,201049,0
2,7700,345 GREENWICH STREET,RM,29031,6,1920,981452,201022,0
2,7700,339 GREENWICH STREET,RM,51010,7,1915,981431,200960,0
2,7700,77 HUDSON STREET,RM,9994,6,1910,981728,201035,0
2,7700,5 HARRISON STREET,RM,15330,6,2000,981683,201051,0
2,7700,349 GREENWICH STREET,RM,22047,6,1920,981449,201068,0
2,7700,7 HARRISON STREET,RM,31071,8,1900,981612,201038,0
2,7700,10 HARRISON STREET,L9,12400,6,1920,981636,201194,0
2,7700,14 HARRISON STREET,D4,15600,6,1915,981582,201201,0
2,7700,18 HARRISON STREET,O2,7800,5,1915,981554,201205,0
2,7700,20 HARRISON STREET,S2,6500,4,1899,981534,201207,0
2,7700,369 GREENWICH STREET,O5,7687,5,1920,981473,201337,0
2,7700,187 FRANKLIN STREET,A9,3863,5,1992,981523,201331,0
2,7700,185 FRANKLIN STREET,O2,8430,6,1915,981547,201305,0
2,7700,181 FRANKLIN STREET,O5,26000,6,1915,981583,201292,0
2,7700,177 FRANKLIN STREET,O5,12100,6,1920,981623,201287,0
2,7700,175 FRANKLIN STREET,L8,15244,6,1915,981647,201284,0
2,7700,173 FRANKLIN STREET,K4,5920,4,1900,981673,201281,0
2,7700,22 HARRISON STREET,S1,4500,4,1915,981512,201190,0
2,7700,24 HARRISON STREET,L9,5999,4,1915,981486,201194,0
2,7700,355 GREENWICH STREET,RM,17135,5,1915,981446,201212,0
2,7700,363 GREENWICH STREET,RM,29305,4,1915,981486,201284,0
2,7700,6 HARRISON STREET,RC,38213,8.5,1915,981724,201177,0
2,7700,93 HUDSON STREET,RB,133010,16,1930,981735,201266,0
2,7700,12 HARRISON STREET,RM,9343,6,1920,981612,201198,0
2,7700,8 HARRISON STREET,RM,11294,5,1915,981661,201191,0
2,7700,178 FRANKLIN STREET,D4,16568,6,1915,981664,201434,0
2,7700,182 FRANKLIN STREET,L9,8490,5,1915,981636,201438,0
2,7700,184 FRANKLIN STREET,C7,9214,6,1901,981615,201440,0
2,7700,186 FRANKLIN STREET,D5,24700,6,1921,981579,201444,0
2,7700,377 GREENWICH STREET,H1,75533,7,2005,981514,201537,0
2,7700,56 NORTH MOORE STREET,G1,41067,5,1940,981665,201524,0
2,7700,117 HUDSON STREET,D7,35600,6,1915,981766,201529,0
2,7700,105 HUDSON STREET,D0,89724,11,1920,981755,201419,0
2,7700,375 GREENWICH STREET,RB,50240,8,1956,981503,201449,0
2,7700,64 NORTH MOORE STREET,RM,21929,5,1910,981590,201532,0
2,7700,111 HUDSON STREET,RM,27866,6,1910,981765,201480,0
2,7700,176 FRANKLIN STREET,RM,6189,3,1915,981692,201431,0
2,7700,55 NORTH MOORE STREET,D4,23700,6,1915,981711,201671,0
2,7700,385 GREENWICH STREET,S2,6217,4,1920,981517,201663,0
2,7700,65 NORTH MOORE STREET,RM,34723,6,1915,981609,201683,0
2,7700,62 BEACH STREET,RM,76176,8,1915,981543,201745,0
2,7700,53 NORTH MOORE STREET,RM,102511,6,1910,981794,201705,0
2,7700,61 NORTH MOORE STREET,R1,23266,7,1915,981659,201677,0
2,7700,48 BEACH STREET,R4,70758,7,1930,981674,201765,0
2,7700,144 FRANKLIN STREET,C6,22827,7,1915,982151,201370,0
2,7700,148 FRANKLIN STREET,D4,24000,7,1915,982111,201375,0
2,7700,156 FRANKLIN STREET,D4,14460,7,1910,982029,201386,0
2,7700,160 FRANKLIN STREET,S5,11628,6,1915,981978,201392,0
2,7700,118 HUDSON STREET,D7,22950,6,1915,981943,201514,0
2,7700,42 NORTH MOORE STREET,D2,12200,6,1921,981991,201484,0
2,7700,34 NORTH MOORE STREET,D0,28500,7,1910,982080,201473,0
2,7700,28 NORTH MOORE STREET,D5,21400,7,1915,982146,201465,0
2,7700,26 NORTH MOORE STREET,G1,1606,1,1920,982175,201461,0
2,7700,20 NORTH MOORE STREET,D4,60600,9,1921,982220,201456,0
2,7700,18 NORTH MOORE STREET,C7,7715,5,1910,982268,201456,0
2,7700,16 NORTH MOORE STREET,C4,9550,5,1910,982294,201453,0
2,7700,10 NORTH MOORE STREET,Y1,6093,3,1920,982421,201436,0
2,7700,232 WEST BROADWAY,A4,10916,6,1915,982498,201439,0
2,7700,228 WEST BROADWAY,S5,14892,6,1915,982456,201436,0
2,7700,226 WEST BROADWAY,A9,5235,4,1915,982455,201384,0
2,7700,220 WEST BROADWAY,RM,21260,10,1915,982423,201339,0
2,7700,110 HUDSON STREET,RX,38012,10,1921,981926,201389,0
2,7700,32 NORTH MOORE STREET,RM,11565,7,1950,982115,201469,0
2,7700,158 FRANKLIN STREET,RM,12797,6,1920,982004,201389,0
2,7700,112 HUDSON STREET,RM,7215,6,1915,981932,201434,0
2,7700,152 FRANKLIN STREET,RM,24144,7,0,982066,201381,0
2,7700,140 FRANKLIN STREET,RM,70189,65,1910,982235,201363,0
2,7700,38 NORTH MOORE STREET,RM,25015,6,1915,982030,201480,0
2,7700,114 HUDSON STREET,RM,13860,7,2004,981937,201467,0
2,7700,122 HUDSON STREET,O2,17000,6,1915,981961,201610,0
2,7700,14 BEACH STREET,Y2,23300,3,1915,982285,201682,0
2,7700,10 BEACH STREET,D4,11834,6,1915,982507,201643,0
2,7700,8 BEACH STREET,S9,14886,8,1915,982532,201634,0
2,7700,248 WEST BROADWAY,L9,35057,8,1915,982582,201616,0
2,7700,246 WEST BROADWAY,O5,2350,4,1910,982589,201577,0
2,7700,7 NORTH MOORE STREET,Y6,3393,3,1960,982517,201560,0
2,7700,39 NORTH MOORE STREET,RM,32426,6,1909,982049,201672,0
2,7700,9 NORTH MOORE STREET,RM,3041,6,1893,982496,201563,0
2,7700,31 NORTH MOORE STREET,RM,82955,8,1915,982135,201612,0
2,7700,27 NORTH MOORE STREET,RM,158730,14,1905,982180,201670,0
2,7700,25 NORTH MOORE STREET,RM,111829,17,1924,982272,201593,0
2,7700,124 HUDSON STREET,RM,81306,9,2000,981980,201701,0
2,7700,41 NORTH MOORE STREET,RM,7177,6,1910,982019,201625,0
2,7700,240 WEST BROADWAY,R1,21741,11,2008,982556,201553,0
2,7700,11 NORTH MOORE STREET,R4,59134,9,2013,982459,201619,0
2,7700,2 AVENUE OF THE AMER,HB,133895,8,1999,982907,201358,0
2,7700,8 WHITE STREET,C6,15538,5,1915,982691,201382,0
2,7700,4 WHITE STREET,D7,19920,6,1915,982652,201401,0
2,7700,2 WHITE STREET,S1,1660,2,1915,982618,201406,0
2,7700,241 WEST BROADWAY,L9,18719,6,1915,982686,201447,0
2,7700,245 WEST BROADWAY,M1,2738,2,1960,982704,201469,0
2,7700,247 WEST BROADWAY,S3,10800,4,1920,982717,201483,0
2,7700,23 AVENUE OF THE AMER,K4,11700,3,1950,982726,201520,0
2,7700,11 AVENUE OF THE AMER,K2,1895,2,1920,982755,201428,0
2,7700,12 WHITE STREET,R1,10811,6,1977,982722,201372,0
2,7700,16 WALKER STREET,O4,1092665,26,1913,982965,201592,0
2,7700,62 WHITE STREET,D1,24499,6,1869,983324,201014,0
2,7700,60 WHITE STREET,D7,24102,6,1920,983284,201038,0
2,7700,54 WHITE STREET,D0,21600,5,1915,983222,201073,0
2,7700,52 WHITE STREET,D4,13400,5,1915,983188,201091,0
2,7700,50 WHITE STREET,D4,19600,5,1921,983159,201108,0
2,7700,44 WHITE STREET,L9,12500,5,1915,983099,201144,0
2,7700,40 WHITE STREET,C6,9195,5,1910,983050,201159,0
2,7700,38 WHITE STREET,C8,17000,5,1915,983050,201207,0
2,7700,36 WHITE STREET,D0,8292,5,1915,983007,201185,0
2,7700,34 WHITE STREET,K4,4876,3,1938,982979,201190,0
2,7700,289 CHURCH STREET,A4,2140,4,1915,983000,201224,0
2,7700,291 CHURCH STREET,A4,5000,4,1915,983022,201237,0
2,7700,293 CHURCH STREET,S4,7100,5,1910,983044,201250,0
2,7700,295 CHURCH STREET,S4,5610,5,1910,983045,201274,0
2,7700,297 CHURCH STREET,S4,5610,5,1910,983057,201293,0
2,7700,31 WALKER STREET,S9,10710,5,1910,983076,201322,0
2,7700,35 WALKER STREET,L9,5169,3,1910,983096,201282,0
2,7700,39 WALKER STREET,D9,23300,5,1915,983138,201247,0
2,7700,49 WALKER STREET,D9,10740,5,1985,983245,201182,0
2,7700,59 WALKER STREET,C4,10311,5,1910,983354,201121,0
2,7700,393 BROADWAY,O5,11000,5,1915,983425,201062,0
2,7700,391 BROADWAY,L8,11300,5,1915,983412,201041,0
2,7700,385 BROADWAY,L8,22400,5,1910,983396,201000,0
2,7700,381 BROADWAY,L8,18300,5,1915,983366,200952,0
2,7700,395 BROADWAY,RM,84191,15,1915,983423,201109,0
2,7700,57 WALKER STREET,RM,11363,5,1915,983333,201134,0
2,7700,55 WALKER STREET,RM,14684,5,1915,983311,201147,0
2,7700,47 WALKER STREET,RM,14192,5,1915,983218,201198,0
2,7700,37 WALKER STREET,RM,7423,6,1875,983116,201276,0
2,7700,42 WHITE STREET,RM,12731,6,1920,983078,201157,0
2,7700,58 WHITE STREET,R1,9864,5,1915,983253,201056,0
2,7700,43 WALKER STREET,R1,33745,7,1888,983180,201221,0
2,7700,51 WALKER STREET,R4,26213,9,2005,983278,201165,0
2,7700,46 WHITE STREET,RM,32101,5,1900,983126,201128,0
2,7700,56 WALKER STREET,S9,13120,5,1915,983387,201274,0
2,7700,52 WALKER STREET,O5,24995,5,1915,983352,201295,0
2,7700,46 WALKER STREET,S4,13280,5,1915,983276,201341,0
2,7700,42 WALKER STREET,S4,11200,5,1910,983233,201367,0
2,7700,40 WALKER STREET,S4,11200,5,1910,983211,201380,0
2,7700,38 WALKER STREET,L9,10865,5,1915,983189,201393,0
2,7700,36 WALKER STREET,K4,8600,5,1915,983161,201394,0
2,7700,34 WALKER STREET,L9,12400,5,1915,983140,201417,0
2,7700,32 WALKER STREET,K4,2514,2,1954,983110,201411,0
2,7700,311 CHURCH STREET,S4,8738,5,1915,983165,201452,0
2,7700,313 CHURCH STREET,L9,9000,5,1915,983178,201474,0
2,7700,315 CHURCH STREET,L9,20000,5,1900,983203,201509,0
2,7700,319 CHURCH STREET,S4,4700,5,1915,983206,201544,0
2,7700,40 LISPENARD STREET,L9,10505,5,1920,983241,201478,0
2,7700,42 LISPENARD STREET,D5,12833,5,1915,983264,201464,0
2,7700,56 LISPENARD STREET,L9,8209,4,1920,983412,201374,0
2,7700,58 LISPENARD STREET,K4,6355,3,1915,983434,201361,0
2,7700,60 LISPENARD STREET,D6,29158,7,1915,983465,201341,0
2,7700,407 BROADWAY,K7,15914,2,1926,983543,201247,0
2,7700,60 WALKER STREET,O4,230139,26,1930,983478,201192,0
2,7700,48 WALKER STREET,RM,30953,6,1915,983307,201322,0
2,7700,44 WALKER STREET,RM,2000,5,1915,983254,201354,0
2,7700,44 LISPENARD STREET,RM,10442,5,1910,983287,201451,0
2,7700,58 WALKER STREET,R1,11363,5,1915,983409,201260,0
2,7700,405 BROADWAY,RM,15632,5,1915,983522,201214,0
2,7700,50 LISPENARD STREET,RM,11601,7,1895,983348,201414,0
2,7700,46 LISPENARD STREET,R4,26612,7,1895,983317,201432,0
2,7700,52 LISPENARD STREET,RM,24813,7,1920,983380,201395,0
2,7700,380 BROADWAY,L8,27265,5,1915,983534,200837,0
2,7700,384 BROADWAY,O5,43300,6,1915,983556,200868,0
2,7700,388 BROADWAY,C7,24000,5,1915,983574,200899,0
2,7700,390 BROADWAY,O5,24000,5,1900,983589,200923,0
2,7700,392 BROADWAY,L8,24000,5,1920,983604,200946,0
2,7700,394 BROADWAY,L8,25340,6,1920,983619,200970,0
2,7700,396 BROADWAY,O6,61219,10,1915,983636,200994,0
2,7700,79 WALKER STREET,O2,21582,6,1920,983727,200899,0
2,7700,83 WALKER STREET,D9,19104,9,1914,983786,200864,0
2,7700,85 WALKER STREET,C6,10850,5,1915,983806,200852,0
2,7700,87 WALKER STREET,O5,12800,6,1915,983829,200842,0
2,7700,89 WALKER STREET,O5,6800,4,1910,983852,200834,0
2,7700,91 WALKER STREET,O6,55400,8,1910,983854,200771,0
2,7700,92 LAFAYETTE STREET,M2,22461,6,1944,983802,200695,0
2,7700,90 WHITE STREET,L9,10500,3,1915,983765,200725,0
2,7700,88 WHITE STREET,L9,9350,5,1915,983744,200755,0
2,7700,84 WHITE STREET,D1,46900,13,2012,983712,200775,0
2,7700,80 WHITE STREET,E9,35500,6,1915,983670,200801,0
2,7700,81 WALKER STREET,RB,18020,6,1920,983760,200880,0
2,7700,400 BROADWAY,L8,12200,4,1915,983646,201076,0
2,7700,402 BROADWAY,O5,7665,3,1915,983661,201102,0
2,7700,404 BROADWAY,K4,12834,3,1915,983683,201134,0
2,7700,408 BROADWAY,O5,56210,5,1915,983747,201150,0
2,7700,412 BROADWAY,O6,20475,7,1920,983765,201193,0
2,7700,414 BROADWAY,L8,14328,7,1915,983739,201240,0
2,7700,416 BROADWAY,H3,31214,9,1915,983763,201257,0
2,7700,274 CANAL STREET,K4,4200,4,1915,983815,201196,0
2,7700,272 CANAL STREET,K4,2400,4,1915,983845,201177,0
2,7700,268 CANAL STREET,O2,26000,6,1915,983868,201109,0
2,7700,264 CANAL STREET,O5,25000,6,1915,983902,201075,0
2,7700,262 CANAL STREET,K4,10000,5,1915,983931,201051,0
2,7700,254 CANAL STREET,O5,42500,5,1900,983981,201007,0
2,7700,92 WALKER STREET,O6,36894,8,1908,983956,200923,0
2,7700,86 WALKER STREET,L9,12000,6,1915,983882,200971,0
2,7700,84 WALKER STREET,L9,8900,4,1915,983862,200985,0
2,7700,82 WALKER STREET,M2,2250,1,1915,983841,200999,0
2,7700,78 WALKER STREET,L2,41200,8,1915,983810,201019,0
2,7700,72 WALKER STREET,F1,30000,5,1912,983737,201052,0
2,7700,87 LAFAYETTE STREET,P5,17600,3,1895,983931,200612,0
2,6800,418 BROADWAY,K4,29343,3,1927,983855,201370,0
2,6800,428 BROADWAY,O5,42000,6,1915,983913,201463,0
2,6800,35 HOWARD STREET,L9,11000,5,1915,983963,201413,0
2,6800,33 HOWARD STREET,K4,4900,3,1915,983985,201400,0
2,6800,269 CANAL STREET,K4,12000,5,1910,983977,201277,0
2,6800,271 CANAL STREET,K4,11500,5,1910,983957,201292,0
2,6800,273 CANAL STREET,O5,29956,5,1915,983969,201337,0
2,6800,275 CANAL STREET,K4,11000,5,1915,983918,201323,0
2,6800,42426 BROADWAY,RI,25845,6,1915,983871,201435,0
2,7700,321 CHURCH STREET,K4,1700,2,1940,983244,201605,0
2,7700,325 CHURCH STREET,S2,3240,4,1910,983258,201630,0
2,7700,327 CHURCH STREET,K1,1636,1,1920,983281,201640,0
2,7700,342 CANAL STREET,K2,2726,2,1987,983280,201687,0
2,7700,336 CANAL STREET,D5,21000,8,1915,983310,201664,0
2,7700,334 CANAL STREET,D7,14545,5,1910,983320,201607,0
2,7700,324 CANAL STREET,K4,12250,5,1910,983380,201562,0
2,7700,322 CANAL STREET,K2,2000,2,1920,983411,201570,0
2,7700,312 CANAL STREET,K4,4470,2,1915,983449,201538,0
2,7700,310 CANAL STREET,K4,6612,4,1910,983473,201485,0
2,7700,308 CANAL STREET,K4,5100,4,1910,983491,201476,0
2,7700,304 CANAL STREET,K4,12060,5,1910,983512,201459,0
2,7700,302 CANAL STREET,K4,6768,5,1910,983534,201441,0
2,7700,300 CANAL STREET,C7,7170,5,1920,983551,201427,0
2,7700,296 CANAL STREET,K4,20415,3,1927,983607,201382,0
2,7700,45 LISPENARD STREET,D4,37400,9,1920,983415,201509,0
2,7700,35 LISPENARD STREET,K1,1338,1,1920,983282,201594,0
2,7700,332 CANAL STREET,RC,35344,6,1910,983350,201585,0
2,7700,350 CANAL STREET,Z3,47237,2,1938,983114,201764,0
2,7700,5 LISPENARD STREET,K4,4775,3,1915,982919,201825,0
2,7700,3 LISPENARD STREET,S2,3627,3,1915,982902,201835,2
2,7700,1 LISPENARD STREET,K4,4650,3,1915,982884,201846,0
2,7700,285 WEST BROADWAY,O5,29706,6,1915,982963,201901,0
2,7700,380 CANAL STREET,O5,21714,6,1920,982973,201967,0
2,7700,378 CANAL STREET,K1,1267,1,1920,983004,201943,0
2,7700,374 CANAL STREET,K1,2300,1,1920,983028,201920,0
2,7700,370 CANAL STREET,H1,160545,21,2007,983034,201832,0
2,7700,7 LISPENARD STREET,RM,16622,4,1915,982961,201806,0
2,7700,283 WEST BROADWAY,RM,12098,6,1915,982944,201869,0
2,7700,30 VARICK STREET,D1,107367,10,1900,982535,201820,0
2,7700,52 VARICK STREET,L9,79642,6,1900,982569,202155,0
2,7700,2 YORK STREET,H3,65283,6,2005,982701,201894,0
2,7700,15 CANAL STREET,K1,2000,1,1999,982872,202062,0
2,7700,260 WEST BROADWAY,RM,98583,11,1915,982677,201790,0
2,7700,19 BEACH STREET,RM,21516,7,2001,982478,201795,0
2,7700,1 YORK STREET,RM,81052,13,1890,982699,202089,0
2,7700,50 VARICK STREET,RB,224688,8,1960,982546,201985,0
2,7700,53 BEACH STREET,W1,30000,6,1915,981646,201927,0
2,7700,399 GREENWICH STREET,C7,7450,5,1915,981562,201900,0
2,7700,401 GREENWICH STREET,O5,15000,6,2001,981565,201926,0
2,7700,407 GREENWICH STREET,D5,39000,5,1915,981581,202028,0
2,7700,413 GREENWICH STREET,D0,6330,5,1900,981560,202078,0
2,7700,17 HUBERT STREET,A5,3125,5,1900,981601,202073,0
2,7700,11 HUBERT STREET,O2,10218,3,1920,981659,202027,0
2,7700,135 HUDSON STREET,C6,22363,6,1915,981800,201872,0
2,7700,49 BEACH STREET,C7,7200,5,1910,981710,201883,0
2,7700,405 GREENWICH STREET,RM,15532,6,1900,981571,201975,0
2,7700,145 HUDSON STREET,RM,136472,16,1929,981842,201983,0
2,7700,7 HUBERT STREET,RM,109390,15,2004,981759,201971,0
2,7700,10 HUBERT STREET,D7,11574,6,1915,981691,202181,0
2,7700,57 LAIGHT STREET,D0,12300,6,1915,981703,202271,0
2,7700,153 HUDSON STREET,RM,29572,6,1920,981850,202167,0
2,7700,161 HUDSON STREET,RM,58015,9,1930,981865,202256,0
2,7700,151 HUDSON STREET,RM,16138,6,1900,981844,202128,0
2,7700,415 GREENWICH STREET,RM,176493,10,1913,981618,202236,0
2,7700,157 HUDSON STREET,RM,64231,5,0,981768,202216,0
2,7700,235 WEST STREET,O4,2354289,9,1987,981200,201907,0
2,7700,397 WASHINGTON STREET,D0,21800,6,1920,981362,202190,0
2,7700,399 WASHINGTON STREET,C6,9375,5,1920,981366,202218,0
2,7700,79 LAIGHT STREET,R4,91497,11,1853,981167,202351,0
2,7700,408 GREENWICH STREET,RM,32623,9,2007,981445,202193,0
2,7700,250 WEST STREET,R4,225356,12,1906,981156,202260,0
2,7700,401 WASHINGTON STREET,RM,99251,7,1915,981376,202295,0
2,7700,70 LAIGHT STREET,S9,12500,5,1915,981422,202444,0
2,7700,74 LAIGHT STREET,D4,28016,10,1915,981380,202450,0
2,7700,434 GREENWICH STREET,D4,27743,7,1920,981494,202558,0
2,7700,430 GREENWICH STREET,D4,23706,7,1920,981487,202507,0
2,7700,428 GREENWICH STREET,S1,4531,5,1915,981483,202473,0
2,7700,426 GREENWICH STREET,D0,4042,4,1915,981483,202454,0
2,7700,424 GREENWICH STREET,D0,18788,7,1915,981479,202425,0
2,7700,260 WEST STREET,D5,61250,9,1910,981142,202589,0
2,7700,92 LAIGHT STREET,RM,172207,13,2004,981258,202550,0
2,7700,88 LAIGHT STREET,RM,14923,8,2005,981186,202469,0
2,7700,78 LAIGHT STREET,RM,21525,7,2006,981259,202460,0
2,7700,415 WASHINGTON STREET,R4,45838,9,2010,981410,202536,0
2,7700,54 LAIGHT STREET,O2,29500,5,1915,981746,202412,0
2,7700,437 GREENWICH STREET,D0,25580,5,1915,981629,202527,0
2,7700,37 VESTRY STREET,D2,11500,6,1920,981759,202502,0
2,7700,177 HUDSON STREET,S9,22771,7,1915,981901,202515,0
2,7700,165 HUDSON STREET,D0,30000,6,1910,981882,202380,0
2,7700,429 GREENWICH STREET,RM,80038,9,1920,981645,202432,0
2,7700,39 VESTRY STREET,R4,34839,8,1930,981706,202511,0
2,7700,35 VESTRY STREET,R1,10951,8,1915,981781,202497,0
2,7700,169 HUDSON STREET,RM,65921,7,1915,981892,202451,0
2,7700,31 VESTRY STREET,R1,27210,9,2008,981819,202490,0
2,7700,52 LAIGHT STREET,RM,14978,8,1920,981808,202400,0
2,7700,34 LAIGHT STREET,D0,25300,5,1915,982215,202401,0
2,7700,36 LAIGHT STREET,D1,26712,7,1900,982190,202402,0
2,7700,17 VESTRY STREET,O5,4500,2,1915,982177,202457,0
2,7700,19 VESTRY STREET,C2,7120,5,1915,982156,202460,0
2,7700,174 HUDSON STREET,O5,51750,6,1915,982089,202468,0
2,7700,11 VESTRY STREET,RM,14309,6,1890,982251,202442,0
2,7700,28 LAIGHT STREET,R4,98488,7,1920,982317,202387,0
2,7700,38 LAIGHT STREET,R4,61717,7,1900,982130,202374,0
2,7700,48 LAIGHT STREET,RM,15507,7,2003,982039,202385,0
2,7700,32 LAIGHT STREET,RM,14357,6,1920,982240,202354,0
2,7700,46 LAIGHT STREET,RM,11110,6,1910,982072,202381,0
2,7700,200 HUDSON STREET,O6,328415,12,1927,982128,202657,0
2,7700,12 VESTRY STREET,O6,45136,7,1882,982233,202596,0
2,7700,443 GREENWICH STREET,D8,257702,8,1905,981721,202707,0
2,7700,32 VESTRY STREET,Z9,1260,7,1920,981835,202693,0
2,7700,181 HUDSON STREET,RM,55184,8,1962,981903,202626,0
2,7700,195 HUDSON STREET,R4,70622,7,1920,981915,202716,0
2,7700,428 WASHINGTON STREET,L9,14000,4,1929,981292,202717,0
2,7700,426 WASHINGTON STREET,O2,3710,2,1910,981287,202683,0
2,7700,427 WASHINGTON STREET,D0,44400,8,1920,981430,202685,0
2,7700,431 WASHINGTON STREET,S1,3442,2,1915,981434,202727,0
2,7700,433 WASHINGTON STREET,S4,9552,6,1905,981437,202747,0
2,7700,435 WASHINGTON STREET,S4,5909,4,1930,981440,202769,0
2,7700,437 WASHINGTON STREET,L9,5625,3,1900,981443,202794,0
2,7700,439 WASHINGTON STREET,C7,12500,5,1915,981458,202819,0
2,7700,452 GREENWICH STREET,S5,5776,4,1910,981539,202808,0
2,7700,450 GREENWICH STREET,K4,5490,4,1900,981524,202784,0
2,7700,444 GREENWICH STREET,G1,3360,1,1920,981517,202729,0
2,7700,442 GREENWICH STREET,Z9,108,1,1900,981514,202698,0
2,7700,438 GREENWICH STREET,O1,3250,1,1920,981510,202665,0
2,7700,448 GREENWICH STREET,R1,7396,6,1909,981522,202760,0
2,7700,460 GREENWICH STREET,S4,9500,5,1915,981550,202972,0
2,7700,458 GREENWICH STREET,S4,9340,5,1920,981547,202947,0
2,7700,454 GREENWICH STREET,G1,2450,1,1943,981458,202945,0
2,7700,462 GREENWICH STREET,RM,8070,5,1910,981553,202997,0
2,7700,123 WATTS STREET,L9,6580,4,1940,981748,202999,0
2,7700,115 WATTS STREET,O5,24000,3,1940,981812,202938,0
2,7700,111 WATTS STREET,O6,321641,12,1928,981911,202913,0
2,7700,465 GREENWICH STREET,RM,82548,6,1910,981698,202947,0
2,7700,16 DESBROSSES STREET,RM,27798,6,1940,981770,202943,0
2,6800,431 CANAL STREET,O6,993903,16,1930,982360,202845,0
2,6800,381 CANAL STREET,S9,4552,4,1920,982978,202185,0
2,6800,383 CANAL STREET,S9,6150,4,1910,982967,202203,0
2,6800,385 CANAL STREET,S4,5694,5,1920,982950,202217,0
2,6800,387 CANAL STREET,K1,1586,1,1920,982934,202232,0
2,6800,391 CANAL STREET,K1,2208,1,1920,982904,202262,0
2,6800,393 CANAL STREET,K2,6000,2,1910,982878,202283,0
2,6800,35 GRAND STREET,D5,9791,5,1910,983015,202510,0
2,6800,41 GRAND STREET,S2,3048,3,1900,983073,202473,0
2,6800,43 GRAND STREET,K1,3996,1,1920,983091,202447,0
2,6800,47 GRAND STREET,K1,3495,1,1920,983124,202432,0
2,6800,306 WEST BROADWAY,HB,189986,16,1996,982997,202362,0
2,6800,23 GRAND STREET,K1,3385,1,2008,982885,202598,0
2,6800,27 GRAND STREET,HB,55479,18,2008,982900,202535,0
2,6800,17 THOMPSON STREET,C6,13372,7,1910,982950,202547,0
2,6800,357 CANAL STREET,S4,5560,5,1915,983179,201995,0
2,6800,359 CANAL STREET,S4,6019,5,1915,983166,202009,0
2,6800,361 CANAL STREET,S9,5820,5,1939,983152,202023,0
2,6800,363 CANAL STREET,S5,6778,6,1920,983137,202034,0
2,6800,365 CANAL STREET,D5,19800,5,1915,983122,202064,0
2,6800,369 CANAL STREET,K4,10549,2,1915,983090,202088,0
2,6800,373 CANAL STREET,S3,5317,4,1920,983068,202106,0
2,6800,375 CANAL STREET,C7,8700,4,1920,983051,202123,0
2,6800,307 WEST BROADWAY,D4,24791,7,1915,983109,202150,0
2,6800,325 WEST BROADWAY,D9,70062,5,1920,983244,202283,0
2,6800,53 GRAND STREET,S4,6000,5,1915,983212,202386,0
2,6800,55 GRAND STREET,S2,4040,3,1920,983230,202375,0
2,6800,57 GRAND STREET,S3,4422,4,1930,983250,202362,0
2,6800,59 GRAND STREET,L9,5434,4,1915,983269,202350,0
2,6800,323 WEST BROADWAY,K2,4500,2,1950,983187,202271,0
2,6800,3 WOOSTER STREET,RM,27572,7,2003,983190,202078,0
2,6800,311 WEST BROADWAY,RM,149519,9,2007,983201,202188,0
2,6800,27 WOOSTER STREET,RM,42455,8,0,983323,202308,0
2,6800,343 CANAL STREET,O5,10900,5,1920,983321,201881,0
2,6800,345 CANAL STREET,K4,4271,3,1920,983301,201898,0
2,6800,349 CANAL STREET,G1,38308,4,1928,983307,201989,0
2,6800,351 CANAL STREET,D7,22500,5,1900,983247,201943,0
2,6800,12 WOOSTER STREET,C6,13900,5,1915,983338,202042,0
2,6800,14 WOOSTER STREET,D0,27359,7,1960,983357,202075,0
2,6800,18 WOOSTER STREET,K1,5200,1.5,1963,983382,202114,0
2,6800,71 GRAND STREET,D4,42240,5,1920,983410,202189,0
2,6800,75 GRAND STREET,D4,76492,6,1915,983513,202179,0
2,6800,31 GREENE STREET,C6,12000,5,1900,983503,202111,0
2,6800,29 GREENE STREET,K2,9819,6,1920,983491,202092,0
2,6800,27 GREENE STREET,S4,7246,4,1910,983480,202075,0
2,6800,23 GREENE STREET,S5,17800,5,1920,983464,202050,0
2,6800,15 GREENE STREET,D4,20755,6,1915,983418,201978,0
2,6800,19 GREENE STREET,RM,21320,5,1888,983441,202014,0
2,6800,1 MERCER STREET,S2,3224,4,1915,983545,201635,0
2,6800,315 CANAL STREET,S2,3224,4,1915,983529,201651,0
2,6800,317 CANAL STREET,S9,5080,4,1915,983522,201675,0
2,6800,319 CANAL STREET,K4,5325,4,1915,983518,201700,0
2,6800,321 CANAL STREET,K4,4476,3,1915,983503,201713,0
2,6800,323 CANAL STREET,K4,5986,3.5,1915,983486,201728,0
2,6800,325 CANAL STREET,S9,5456,4,1915,983465,201739,0
2,6800,327 CANAL STREET,S2,3468,3.5,1915,983451,201755,0
2,6800,329 CANAL STREET,D5,33374,6,1915,983422,201770,0
2,6800,10 GREENE STREET,L9,12600,5,1930,983505,201843,0
2,6800,12 GREENE STREET,D4,11840,5,1920,983520,201867,0
2,6800,16 GREENE STREET,D4,23628,6,1920,983540,201897,0
2,6800,28 GREENE STREET,L9,25750,6,1915,983606,202000,0
2,6800,89 GRAND STREET,S4,6900,5,1915,983633,202117,0
2,6800,91 GRAND STREET,L9,4680,4,1910,983652,202105,0
2,6800,93 GRAND STREET,L9,4680,4,1915,983669,202094,0
2,6800,95 GRAND STREET,S4,7310,5,1910,983687,202084,0
2,6800,35 MERCER STREET,D0,20940,5,1915,983756,202059,0
2,6800,31 MERCER STREET,D4,30000,5,1920,983732,202015,0
2,6800,29 MERCER STREET,L9,11124,5,1910,983711,201973,0
2,6800,19 MERCER STREET,L9,10522,5,1915,983644,201869,0
2,6800,5 MERCER STREET,C7,21310,5,1910,983571,201754,0
2,6800,3 MERCER STREET,K4,3817,3,1915,983570,201704,0
2,6800,1A MERCER STREET,K4,2984,2,1915,983558,201673,0
2,6800,9 MERCER STREET,RM,22513,5,1870,983600,201799,0
2,6800,8 GREENE STREET,RM,10798,6,1915,983491,201822,0
2,6800,20 GREENE STREET,RM,40485,7,1915,983572,201947,0
2,6800,15 MERCER STREET,RM,21177,6,1910,983626,201841,0
2,6800,21 MERCER STREET,RM,15360,5,1920,983661,201895,0
2,6800,25 MERCER STREET,RC,25087,5,1920,983688,201936,0
2,6800,32 GREENE STREET,RM,22716,5,1915,983633,202042,0
2,6800,301 CANAL STREET,K2,1748,2,1910,983687,201503,0
2,6800,303 CANAL STREET,K4,2718,3,1910,983669,201517,0
2,6800,305 CANAL STREET,D0,16810,5,1915,983678,201577,0
2,6800,309 CANAL STREET,D5,30000,5,1915,983627,201617,0
2,6800,427 BROADWAY,O5,24100,5,1910,983756,201578,0
2,6800,425 BROADWAY,O5,12500,5,1910,983734,201544,0
2,6800,423 BROADWAY,K4,4808,3,1910,983720,201523,0
2,6800,419 BROADWAY,K1,2679,1,1910,983719,201478,0
2,6800,433 BROADWAY,O3,46217,7,2012,983816,201669,0
2,6800,48 HOWARD STREET,O5,7500,5,1915,983763,201703,0
2,6800,50 HOWARD STREET,S5,30500,5,1915,983733,201727,0
2,6800,18 MERCER STREET,C6,7560,5.5,1915,983749,201778,0
2,6800,107 GRAND STREET,O6,66532,8,1915,983866,201952,0
2,6800,459 BROADWAY,O5,29415,5,1915,983965,201916,0
2,6800,455 BROADWAY,O5,24044,5,1915,983940,201874,0
2,6800,451 BROADWAY,O5,60000,5,1920,983875,201857,0
2,6800,449 BROADWAY,O5,29000,5,1920,983854,201825,0
2,6800,447 BROADWAY,O5,25000,5,1920,983841,201804,0
2,6800,441 BROADWAY,O5,11400,5,1915,983842,201714,0
2,6800,443 BROADWAY,RM,59244,5,1910,983819,201772,0
2,6800,54 HOWARD STREET,RC,8328,5,1915,983695,201737,0
2,6800,307 CANAL STREET,RM,17400,27,2005,983658,201593,0
2,6800,434 BROADWAY,O6,52065,9,1910,983954,201564,0
2,6800,440 BROADWAY,K2,5771,2,1910,983981,201605,0
2,6800,442 BROADWAY,K4,24020,4,1910,983976,201643,0
2,6800,42 GREENE STREET,O5,47621,5,1900,983798,202296,0
2,6800,52 GREENE STREET,L9,6363,3,1912,983824,202359,0
2,6800,465 BROOME STREET,L8,34488,6,1910,983851,202424,0
2,6800,463 BROOME STREET,C8,12195,5,1902,983884,202403,0
2,6800,461 BROOME STREET,D0,10012,5,1920,983908,202395,0
2,6800,457 BROOME STREET,L8,24785,6,1923,983940,202375,0
2,6800,453 BROOME STREET,L8,32604,6,1900,983983,202347,0
2,6800,55 MERCER STREET,L9,17390,5,1900,983913,202315,0
2,6800,53 MERCER STREET,L8,6851,3,1900,983914,202286,0
2,6800,45 MERCER STREET,S5,11500,5,1920,983860,202202,0
2,6800,43 MERCER STREET,S3,7265,4,1920,983846,202181,0
2,6800,41 MERCER STREET,K1,1800,1,1920,983854,202147,0
2,6800,104 GRAND STREET,L8,7500,5,1900,983844,202107,0
2,6800,100 GRAND STREET,D0,17675,6,1910,983813,202135,0
2,6800,96 GRAND STREET,D4,23875,6,1910,983778,202173,0
2,6800,90 GRAND STREET,O5,37500,5,1900,983729,202211,0
2,6800,51 MERCER STREET,RM,3695,2,1941,983900,202265,0
2,6800,47 MERCER STREET,RM,31000,7,1880,983880,202233,0
2,6800,40 MERCER STREET,RM,117024,13,2005,983994,202045,0
2,6800,44 MERCER STREET,RM,11647,7,2007,983985,202132,0
2,6800,337 WEST BROADWAY,K2,6158,2,1910,983281,202467,0
2,6800,341 WEST BROADWAY,K2,5500,2,1930,983310,202511,0
2,6800,345 WEST BROADWAY,D0,15734,7,1900,983350,202529,0
2,6800,349 WEST BROADWAY,C6,13758,7,1900,983378,202572,0
2,6800,355 WEST BROADWAY,S2,5447,3.5,1900,983414,202628,0
2,6800,357 WEST BROADWAY,K2,3360,2.5,1910,983419,202650,0
2,6800,499 BROOME STREET,K4,4101,3.5,1900,983428,202722,0
2,6800,497 BROOME STREET,O5,5000,4,1900,983447,202710,0
2,6800,495 BROOME STREET,S5,17546,7,1900,983441,202665,0
2,6800,489 BROOME STREET,C7,25211,5,1940,983493,202662,0
2,6800,55 WOOSTER STREET,S2,4014,3,1900,983572,202658,0
2,6800,53 WOOSTER STREET,S1,3096,3,1899,983562,202642,0
2,6800,51 WOOSTER STREET,O5,4600,4,1900,983551,202626,0
2,6800,47 WOOSTER STREET,K1,3150,1,1920,983535,202600,0
2,6800,41 WOOSTER STREET,O5,18500,4,1900,983466,202529,0
2,6800,66 GRAND STREET,D0,46741,7,1900,983402,202419,0
2,6800,62 GRAND STREET,O9,16000,7,1920,983348,202454,0
2,6800,40 WOOSTER STREET,O5,14125,6,1896,983564,202395,0
2,6800,52 WOOSTER STREET,D9,15512,6,2014,983632,202571,0
2,6800,469 BROOME STREET,D0,34944,6,1900,983762,202511,0
2,6800,47 GREENE STREET,L8,24163,6,1900,983697,202411,0
2,6800,41 GREENE STREET,D0,24922,6,1910,983659,202352,0
2,6800,33 GREENE STREET,D4,30868,5,1910,983606,202268,0
2,6800,78 GRAND STREET,D0,11975,5,1900,983561,202319,0
2,6800,76 GRAND STREET,K1,2375,1,1900,983539,202333,0
2,6800,347 WEST BROADWAY,RK,15987,7,1910,983364,202550,0
2,6800,35 WOOSTER STREET,RM,18190,5,1900,983444,202484,0
2,6800,477 BROOME STREET,RM,38524,6,1920,983675,202543,0
2,6800,51 GREENE STREET,RM,13687,6,1900,983718,202443,0
2,6800,42 WOOSTER STREET,RM,69337,8,1900,983603,202458,0
2,6800,45 GREENE STREET,RM,19842,6,1920,983672,202383,0
2,6800,351 WEST BROADWAY,RM,14216,5,1900,983385,202608,0
2,6800,37 GREENE STREET,R1,21395,6,1900,983636,202316,0
2,6800,43 WOOSTER STREET,RM,26506,7,1900,983499,202569,0
2,6800,60 GRAND STREET,RM,16664,7,1900,983328,202467,0
2,6800,53 GREENE STREET,RM,18205,6,1900,983736,202470,0
2,6800,100 AVENUE OF THE AMER,O6,303214,16,1930,983033,202794,0
2,6800,110 AVENUE OF THE AMER,C7,18056,6,1900,983040,202932,0
2,6800,116 AVENUE OF THE AMER,C7,27042,6,1900,983059,202982,0
2,6800,521 BROOME STREET,D5,16940,7,1950,983139,202928,0
2,6800,519 BROOME STREET,O5,5200,5,1900,983167,202915,0
2,6800,517 BROOME STREET,Z9,96,1,1900,983186,202907,0
2,6800,23 THOMPSON STREET,C7,15186,6,1900,983011,202711,0
2,6800,30 GRAND STREET,C7,26952,6,1900,982984,202668,0
2,6800,24 THOMPSON STREET,A4,4560,5,2001,983101,202624,0
2,6800,26 THOMPSON STREET,C4,18020,6,1920,983136,202636,0
2,6800,30 THOMPSON STREET,E9,2755,1,1920,983155,202664,0
2,6800,32 THOMPSON STREET,C7,8992,4,1920,983171,202689,0
2,6800,40 THOMPSON STREET,O6,30906,7,1928,983239,202776,0
2,6800,1 WATTS STREET,S4,5029,5,1927,983336,202765,0
2,6800,362 WEST BROADWAY,D0,16914,6,1900,983304,202740,0
2,6800,356 WEST BROADWAY,G1,39000,2,1918,983228,202715,0
2,6800,50 GRAND STREET,C7,8400,5,1900,983193,202534,0
2,6800,48 GRAND STREET,C6,5000,5,1920,983171,202548,0
2,6800,46 GRAND STREET,C7,5000,5,1920,983155,202558,0
2,6800,44 GRAND STREET,C7,10150,5,1900,983131,202576,0
2,6800,38 GRAND STREET,C7,8045,5,1900,983096,202590,0
2,6800,36 GRAND STREET,A4,2412,3,1900,983071,202604,0
2,6800,527 BROOME STREET,RM,21175,6,1950,983108,202951,0
2,6800,350 WEST BROADWAY,RM,36304,10,2008,983226,202621,0
2,6800,80 VARICK STREET,D5,125235,10,1920,982622,202834,0
2,6800,57 WATTS STREET,O4,402110,23,1990,982743,202823,0
2,6800,462 BROOME STREET,C8,14980,5,1900,983997,202532,0
2,6800,464 BROOME STREET,C8,12625,5,1900,983975,202546,0
2,6800,468 BROOME STREET,O5,23823,5,1900,983943,202568,0
2,6800,64 WOOSTER STREET,O6,54300,8,1900,983812,202781,0
2,6800,70 WOOSTER STREET,D2,14600,4,1900,983845,202834,0
2,6800,74 WOOSTER STREET,L9,11795,5,1900,983868,202870,0
2,6800,76 WOOSTER STREET,K4,10000,3,1900,983881,202891,0
2,6800,80 WOOSTER STREET,D0,33250,7,1900,983904,202922,0
2,6800,84 WOOSTER STREET,O6,65972,7,1920,983953,202965,0
2,6800,71 GREENE STREET,O9,16477,5,1900,983979,202851,0
2,6800,69 GREENE STREET,D9,16473,5,1900,983958,202819,0
2,6800,67 GREENE STREET,S4,10821,5,1900,983941,202793,0
2,6800,65 GREENE STREET,S9,10500,5,1900,983929,202771,0
2,6800,476 BROOME STREET,D7,43706,6,1920,983782,202685,0
2,6800,480 BROOME STREET,D0,12525,6,1900,983743,202695,0
2,6800,482 BROOME STREET,D7,16250,6,1920,983720,202710,0
2,6800,472 BROOME STREET,RM,18545,5,1950,983818,202647,0
2,6800,470 BROOME STREET,RM,25923,5,1900,983862,202619,0
2,6800,57 GREENE STREET,RC,52350,6,1900,983896,202719,0
2,6800,484 BROOME STREET,D0,43500,6,1918,983624,202758,0
2,6800,492 BROOME STREET,D2,16800,6,1900,983564,202797,0
2,6800,496 BROOME STREET,F9,3832,2,1920,983539,202814,0
2,6800,498 BROOME STREET,L8,8036,5,1900,983521,202825,0
2,6800,500 BROOME STREET,K4,7500,5,1900,983503,202837,0
2,6800,375 WEST BROADWAY,O5,55710,5,1900,983616,202843,0
2,6800,379 WEST BROADWAY,O5,55120,5,1853,983646,202890,0
2,6800,383 WEST BROADWAY,D0,63888,6,1900,983676,202936,3
2,6800,73 WOOSTER STREET,RM,37443,5,1929,983705,202982,0
2,6800,378 WEST BROADWAY,L8,16250,5,1900,983453,202973,0
2,6800,374 WEST BROADWAY,K4,16228,3,1947,983423,202907,0
2,6800,508 BROOME STREET,D5,21598,7,1900,983384,202913,0
2,6800,512 BROOME STREET,K1,1011,1,1900,983349,202919,0
2,6800,514 BROOME STREET,B1,2052,3,1930,983331,202931,0
2,6800,52 THOMPSON STREET,RM,32440,7,1900,983342,202988,0
