height,x,y,z,ox,ox,oz,type,dx,dy,dz
1.74679,1.64626,1.52542,1.65988,3.09755,1.59988,0.584454,DSLR,1.45129,0.07446,-1.075426
1.7594,2.37262,1.52316,1.46387,2.83845,1.57407,0.103568,DSLR,0.46583,0.05091,-1.360302
1.78864,1.53168,1.54264,1.7697,2.70095,1.51427,0.188787,Mobile,1.16927,-0.02837,-1.580913
1.63293,4.30862,1.21326,1.27352,2.77517,1.2046,0.58449,DSLR,-1.53345,-0.00866,-0.68903
1.69054,1.74479,1.48632,1.95801,2.93303,1.54859,0.424451,DSLR,1.18824,0.06227,-1.533559
1.77315,2.27232,1.41068,2.49799,2.96751,1.52025,0.417914,Mobile,0.69519,0.10957,-2.080076
1.61785,3.24772,1.19592,2.05665,3.1723,1.44711,0.486178,Mobile,-0.07542,0.25119,-1.570472
1.65754,3.96853,1.39347,1.62798,2.79923,1.25005,0.0878384,DSLR,-1.1693,-0.14342,-1.5401416
1.61405,1.41692,1.46077,1.38228,3.06679,1.39334,0.390484,DSLR,1.64987,-0.06743,-0.991796
1.61907,3.70737,1.43916,1.18063,2.90631,1.27195,0.0696005,Mobile,-0.80106,-0.16721,-1.1110295
1.73657,4.02832,1.51496,2.16123,3.29965,1.22855,0.517289,Mobile,-0.72867,-0.28641,-1.643941
1.70466,3.3848,1.48133,1.8566,3.15646,1.40344,0.496268,Mobile,-0.22834,-0.07789,-1.360332
1.67455,2.16838,1.25403,1.42578,2.878,1.42424,0.459078,Mobile,0.70962,0.17021,-0.966702
1.65061,1.8795,1.46032,1.76565,2.72992,1.39003,0.535746,Mobile,0.85042,-0.07029,-1.229904
1.76509,1.91629,1.40568,1.13849,2.97608,1.34588,0.458748,DSLR,1.05979,-0.0598,-0.679742
1.70998,3.32372,1.53112,2.08471,2.88276,1.32885,0.309677,DSLR,-0.44096,-0.20227,-1.775033
1.73425,3.89435,1.50374,1.56304,3.0637,1.3457,0.0173223,Mobile,-0.83065,-0.15804,-1.5457177
1.60426,2.27611,1.37511,1.53193,3.07366,1.36485,0.0853664,Mobile,0.79755,-0.01026,-1.4465636
1.64104,4.02251,1.40747,1.1858,2.95192,1.4218,0.552922,Mobile,-1.07059,0.01433,-0.632878
1.68069,1.98617,1.49277,1.8123,3.03566,1.49724,0.171996,Mobile,1.04949,0.00447,-1.640304
1.70392,1.33822,1.45849,1.14005,3.08636,1.38115,0.0919401,DSLR,1.74814,-0.07734,-1.0481099
1.61764,3.53985,1.34393,1.429,3.27438,1.33351,0.452339,Mobile,-0.26547,-0.01042,-0.976661
1.64656,2.43507,1.31251,1.31478,2.92004,1.24409,0.0742332,DSLR,0.48497,-0.06842,-1.2405468
1.72457,2.04001,1.35961,1.88845,2.77308,1.42866,0.581378,DSLR,0.73307,0.06905,-1.307072
1.80379,4.16203,1.53059,1.61746,2.89668,1.22767,0.25295,DSLR,-1.26535,-0.30292,-1.36451
1.72519,4.6332,1.50131,1.82438,3.18706,1.24702,0.382849,DSLR,-1.44614,-0.25429,-1.441531
1.79954,1.45574,1.63978,1.35427,3.27587,1.24537,0.570647,Mobile,1.82013,-0.39441,-0.783623
1.64555,1.42506,1.35434,1.32221,2.70736,1.38438,0.275216,Mobile,1.2823,0.03004,-1.046994
1.80599,3.61769,1.38513,1.27316,2.93112,1.26077,0.39281,DSLR,-0.68657,-0.12436,-0.88035
1.73142,3.66108,1.33935,2.08542,3.27614,1.48753,0.0581011,DSLR,-0.38494,0.14818,-2.0273189
1.75927,2.60201,1.5864,1.87233,2.75253,1.23265,0.180016,Mobile,0.15052,-0.35375,-1.692314
1.64846,1.60429,1.41702,1.33357,2.93409,1.50918,0.0904935,Mobile,1.3298,0.09216,-1.2430765
1.67097,4.07361,1.3914,1.10301,2.98465,1.58895,0.180163,DSLR,-1.08896,0.19755,-0.922847
1.71712,4.05247,1.40941,1.78014,2.98183,1.33543,0.192084,Mobile,-1.07064,-0.07398,-1.588056
1.69394,1.64433,1.49602,2.10827,2.73126,1.36712,0.0215522,Film,1.08693,-0.1289,-2.0867178
1.76371,3.28431,1.51382,1.72307,2.93603,1.2234,0.298801,Film,-0.34828,-0.29042,-1.424269
1.70613,1.2748,1.41248,1.41659,2.95835,1.35846,0.388836,Mobile,1.68355,-0.05402,-1.027754
1.76391,1.668,1.56818,1.41865,2.76171,1.2866,0.00401013,DSLR,1.09371,-0.28158,-1.41463987
1.58576,4.038,1.29331,1.26045,3.22621,1.3938,0.462191,DSLR,-0.81179,0.10049,-0.798259
1.47432,1.93144,1.22252,1.51523,2.76206,1.26529,0.416468,Mobile,0.83062,0.04277,-1.098762
1.8329,2.6985,1.6049,2.16815,3.0821,1.50804,0.101718,DSLR,0.3836,-0.09686,-2.066432
1.5645,4.47524,1.22513,1.52309,3.20694,1.21963,0.0661946,DSLR,-1.2683,-0.0055,-1.4568954
1.77323,3.22491,1.61496,1.70806,3.14481,1.32124,0.457961,Mobile,-0.0801,-0.29372,-1.250099
1.54658,2.46384,1.15376,2.2238,3.08107,1.58301,0.289865,Mobile,0.61723,0.42925,-1.933935
1.64557,4.44369,1.44943,1.51783,3.01217,1.37348,0.589673,Film,-1.43152,-0.07595,-0.928157
1.59508,4.31065,1.23151,1.38477,3.03377,1.21289,0.426576,DSLR,-1.27688,-0.01862,-0.958194
1.72563,1.8531,1.38222,1.86981,3.02292,1.55121,0.570464,Mobile,1.16982,0.16899,-1.299346
1.60939,2.19498,1.40971,2.29862,2.9108,1.47699,0.0554277,DSLR,0.71582,0.06728,-2.2431923
1.69413,4.39414,1.30638,1.13348,2.80401,1.54243,0.265346,Mobile,-1.59013,0.23605,-0.868134
1.53103,1.30901,1.09035,1.1116,3.14998,1.41187,0.00635396,Mobile,1.84097,0.32152,-1.10524604
1.74509,3.86758,1.4466,1.30078,3.03491,1.25835,0.0582476,Film,-0.83267,-0.18825,-1.2425324
1.52319,1.63998,1.34312,1.72134,2.82181,1.59202,0.174889,Film,1.18183,0.2489,-1.546451
1.72181,3.49789,1.41071,1.75332,2.75975,1.35898,0.512271,DSLR,-0.73814,-0.05173,-1.241049
1.63273,1.53443,1.41452,1.39209,2.99616,1.34623,0.272817,Mobile,1.46173,-0.06829,-1.119273
1.81327,1.40318,1.44273,2.03587,2.8789,1.41994,0.0432508,DSLR,1.47572,-0.02279,-1.9926192
1.62941,1.85664,1.45451,1.27668,2.81642,1.35945,0.345384,Mobile,0.95978,-0.09506,-0.931296
1.61319,1.4458,1.1756,1.72623,2.75098,1.47845,0.188604,Mobile,1.30518,0.30285,-1.537626
1.53351,1.3099,1.23582,1.20986,2.96227,1.49708,0.586761,Mobile,1.65237,0.26126,-0.623099
1.72918,4.09466,1.5109,1.65993,2.93682,1.29549,0.15211,Film,-1.15784,-0.21541,-1.50782
1.63569,4.27955,1.43342,1.36574,3.28253,1.48944,0.28461,DSLR,-0.99702,0.05602,-1.08113
1.75049,3.75375,1.38159,2.77986,2.81631,1.47202,0.40614,DSLR,-0.93744,0.09043,-2.37372
1.76529,2.00381,1.60334,1.77565,3.27892,1.51408,0.225336,Mobile,1.27511,-0.08926,-1.550314
1.83162,2.20638,1.64975,1.36806,3.10967,1.5565,0.0326487,DSLR,0.90329,-0.09325,-1.3354113
1.63587,1.51934,1.31124,1.72568,3.02253,1.51303,0.591064,Mobile,1.50319,0.20179,-1.134616
1.62129,2.60881,1.32367,2.14258,3.23413,1.2814,0.384075,DSLR,0.62532,-0.04227,-1.758505
1.81501,2.63289,1.57806,1.92835,2.98379,1.48277,0.479641,Mobile,0.3509,-0.09529,-1.448709
1.69427,3.53107,1.48243,1.96814,2.92757,1.26609,0.345293,Mobile,-0.6035,-0.21634,-1.622847
1.74074,4.7939,1.57732,1.14278,2.75733,1.57444,0.079049,Mobile,-2.03657,-0.00288,-1.063731
1.82197,3.76069,1.53343,1.55491,2.87011,1.32359,0.5781,Mobile,-0.89058,-0.20984,-0.97681
1.67955,2.03618,1.28012,2.04228,3.16316,1.4416,0.227314,Mobile,1.12698,0.16148,-1.814966
1.52632,3.92044,1.25369,1.62247,2.93502,1.50876,0.229402,Mobile,-0.98542,0.25507,-1.393068
1.58917,3.91235,1.23381,1.72314,2.70513,1.27318,0.389038,DSLR,-1.20722,0.03937,-1.334102
1.7691,4.05059,1.59511,1.97692,3.00008,1.24546,0.484182,Film,-1.05051,-0.34965,-1.492738
1.7058,2.40834,1.39088,1.60715,3.06818,1.54919,0.580297,Mobile,0.65984,0.15831,-1.026853
1.77172,2.91494,1.43555,1.66222,3.15098,1.27,0.244746,Mobile,0.23604,-0.16555,-1.417474
1.54644,1.68578,1.10026,1.85495,3.23538,1.55632,0.472591,DSLR,1.5496,0.45606,-1.382359
1.6355,3.61088,1.38939,1.97036,2.80747,1.32856,0.117466,DSLR,-0.80341,-0.06083,-1.852894
1.74755,4.36216,1.46926,2.00115,2.90629,1.30153,0.0073977,Mobile,-1.45587,-0.16773,-1.9937523
1.72559,1.5195,1.5687,1.26302,2.80406,1.56603,5.88E-01,Mobile,1.28456,-0.00267,-0.67502
1.83013,2.34287,1.58476,1.81403,3.19766,1.26056,0.15266,DSLR,0.85479,-0.3242,-1.66137
1.81718,4.33269,1.4436,1.19478,2.75609,1.34369,0.366277,DSLR,-1.5766,-0.09991,-0.828503
1.78861,4.43565,1.46758,1.56847,3.10773,1.39918,0.332054,DSLR,-1.32792,-0.0684,-1.236416
1.71748,1.90156,1.41479,1.92321,3.14269,1.42346,0.583667,DSLR,1.24113,0.00867,-1.339543
1.83685,4.48005,1.58269,1.98288,3.12566,1.50456,0.158794,DSLR,-1.35439,-0.07813,-1.824086
1.62976,2.27973,1.22679,1.20527,3.23776,1.25571,0.420936,Mobile,0.95803,0.02892,-0.784334
1.67623,2.305,1.3223,2.0471,3.06684,1.46438,0.204865,DSLR,0.76184,0.14208,-1.842235
1.66248,3.59775,1.30411,1.92716,3.1202,1.30898,0.0513077,Mobile,-0.47755,0.00487,-1.8758523
1.72652,3.88497,1.44709,1.92005,3.11596,1.53098,0.437123,Film,-0.76901,0.08389,-1.482927
1.65646,4.14801,1.43613,1.86028,3.29491,1.37811,0.077694,DSLR,-0.8531,-0.05802,-1.782586
1.75789,4.64347,1.45673,1.36792,2.95846,1.20828,0.051326,DSLR,-1.68501,-0.24845,-1.316594
1.71111,2.17354,1.27741,2.36673,2.95511,1.20909,0.146287,Mobile,0.78157,-0.06832,-2.220443
1.80903,1.73363,1.41999,1.6831,3.18209,1.59879,0.335643,Mobile,1.44846,0.1788,-1.347457
1.53423,3.49341,1.32934,1.87578,3.01832,1.57777,0.317661,Mobile,-0.47509,0.24843,-1.558119
1.67997,1.80744,1.4363,1.82421,3.22948,1.4482,0.494491,Mobile,1.42204,0.0119,-1.329719
1.81939,4.36742,1.47152,1.16554,2.96613,1.35975,0.0763573,Mobile,-1.40129,-0.11177,-1.0891827
1.68494,4.48778,1.51861,1.12447,3.08331,1.32537,0.0643452,Mobile,-1.40447,-0.19324,-1.0601248
1.64551,3.85233,1.28101,2.14056,3.01979,1.5296,0.360656,Mobile,-0.83254,0.24859,-1.779904
1.66045,1.09463,1.30852,1.17537,2.96503,1.37468,0.252565,DSLR,1.8704,0.06616,-0.922805
1.56787,1.4756,1.26402,1.81471,3.08246,1.22601,0.493155,Mobile,1.60686,-0.03801,-1.321555
1.7866,4.19928,1.54687,1.54231,2.82854,1.47877,0.430366,Mobile,-1.37074,-0.0681,-1.111944
1.56785,1.6535,1.27335,1.61006,2.77965,1.22128,0.194153,Mobile,1.12615,-0.05207,-1.415907
1.63466,1.7039,1.37738,1.44829,3.13009,1.26878,0.111606,Mobile,1.42619,-0.1086,-1.336684
1.74575,1.63928,1.46495,1.67629,3.02885,1.53185,0.358495,Mobile,1.38957,0.0669,-1.317795
1.76492,3.65133,1.33123,1.63427,3.25539,1.21984,0.248115,Mobile,-0.39594,-0.11139,-1.386155
1.58419,4.55144,1.40549,1.18769,3.26962,1.30795,0.177252,Mobile,-1.28182,-0.09754,-1.010438
1.64828,0.885499,1.26614,1.16743,3.28575,1.46921,0.373199,Mobile,2.400251,0.20307,-0.794231
1.63227,2.0512,1.42831,1.29167,3.18578,1.33966,0.485885,DSLR,1.13458,-0.08865,-0.805785
1.81821,3.14107,1.57991,1.71143,3.08384,1.59447,0.42447,Mobile,-0.05723,0.01456,-1.28696
1.802,2.40567,1.57293,1.61353,3.05027,1.3168,0.119443,Mobile,0.6446,-0.25613,-1.494087
1.71789,3.75132,1.50712,1.83709,3.1807,1.58954,0.177068,DSLR,-0.57062,0.08242,-1.660022
1.75907,1.56256,1.48057,1.16856,3.12463,1.38017,0.556822,Mobile,1.56207,-0.1004,-0.611738
1.70035,4.08122,1.47417,1.54844,3.24532,1.27569,0.318943,Mobile,-0.8359,-0.19848,-1.229497
1.65806,1.43182,1.36329,1.91626,2.8438,1.30188,0.234602,Film,1.41198,-0.06141,-1.681658
1.7229,3.30584,1.57058,1.16722,3.21764,1.58535,0.498795,Mobile,-0.0882,0.01477,-0.668425
1.70015,1.76579,1.31757,2.17797,3.21786,1.23191,0.412293,Film,1.45207,-0.08566,-1.765677
1.54964,1.11602,1.14534,1.35587,2.88661,1.35596,0.178771,Mobile,1.77059,0.21062,-1.177099
1.77937,2.79129,1.38336,1.99672,2.98166,1.34871,0.369903,Mobile,0.19037,-0.03465,-1.626817
1.67982,3.95379,1.42041,2.05576,3.19456,1.47152,0.0223395,Mobile,-0.75923,0.05111,-2.0334205
1.64817,1.29426,1.23978,1.12896,2.72406,1.55107,0.219129,DSLR,1.4298,0.31129,-0.909831
1.63048,1.68421,1.43078,1.23631,3.24866,1.58931,0.0491653,DSLR,1.56445,0.15853,-1.1871447
1.55424,3.30104,1.37131,1.84029,2.72725,1.32901,0.509671,DSLR,-0.57379,-0.0423,-1.330619
1.75234,2.32629,1.57136,1.53872,2.92134,1.28926,0.0879116,Mobile,0.59505,-0.2821,-1.4508084
1.67246,2.53157,1.28356,1.68374,2.74829,1.35104,0.111405,DSLR,0.21672,0.06748,-1.572335
1.65019,4.18699,1.45411,1.32111,3.22053,1.2835,0.558415,DSLR,-0.96646,-0.17061,-0.762695
1.75003,1.66745,1.40463,1.3723,3.27349,1.30534,0.154326,Film,1.60604,-0.09929,-1.217974
1.67063,4.43033,1.37482,1.23782,2.91102,1.32347,0.114389,Mobile,-1.51931,-0.05135,-1.123431
1.73325,1.42111,1.37956,1.92793,3.27706,1.53226,0.506888,Mobile,1.85595,0.1527,-1.421042
1.67695,3.76619,1.45539,2.08189,2.76834,1.24227,0.177966,Mobile,-0.99785,-0.21312,-1.903924
1.70432,1.90139,1.55179,1.81568,3.01548,1.38586,0.174322,Mobile,1.11409,-0.16593,-1.641358
1.82914,3.48257,1.53289,2.00101,2.74624,1.36976,0.297171,DSLR,-0.73633,-0.16313,-1.703839
1.54901,1.93148,1.15449,1.28699,3.28854,1.46175,0.0983673,DSLR,1.35706,0.30726,-1.1886227
1.81549,1.70361,1.60494,2.0161,2.83913,1.55752,0.357781,Film,1.13552,-0.04742,-1.658319
1.83375,3.83698,1.48657,1.74195,3.0983,1.42891,0.539006,DSLR,-0.73868,-0.05766,-1.202944
1.69261,1.75417,1.51735,1.73444,3.12066,1.45178,0.180731,Mobile,1.36649,-0.06557,-1.553709
1.63201,2.24612,1.35628,1.63818,2.73774,1.40289,0.5202,Mobile,0.49162,0.04661,-1.11798
1.76315,2.3079,1.56453,1.72986,2.93977,1.25136,0.536277,DSLR,0.63187,-0.31317,-1.193583
1.8311,3.30248,1.56172,1.12088,2.83951,1.39785,0.520457,Mobile,-0.46297,-0.16387,-0.600423
1.65992,1.52196,1.38774,1.42905,3.15536,1.58829,0.306272,DSLR,1.6334,0.20055,-1.122778
1.76035,1.94533,1.34004,2.11836,2.81673,1.5951,0.289535,DSLR,0.8714,0.25506,-1.828825
1.56265,3.67385,1.30303,1.77289,2.99087,1.36854,0.425623,Mobile,-0.68298,0.06551,-1.347267
1.64824,1.93207,1.48237,1.26586,3.02685,1.56556,0.172546,Film,1.09478,0.08319,-1.093314
1.68855,1.71307,1.48952,1.54586,3.19021,1.41047,0.334416,Mobile,1.47714,-0.07905,-1.211444
1.54758,4.58165,1.15559,1.62463,3.28967,1.58351,0.222864,DSLR,-1.29198,0.42792,-1.401766
1.61532,1.74159,1.35092,1.14826,2.85574,1.51843,0.571819,DSLR,1.11415,0.16751,-0.576441
1.69038,3.78507,1.46551,1.50921,3.29095,1.3693,0.0847621,DSLR,-0.49412,-0.09621,-1.4244479
1.61572,3.97627,1.33916,1.49764,2.85033,1.22898,0.242879,DSLR,-1.12594,-0.11018,-1.254761
1.59132,4.17205,1.31748,1.6267,2.90294,1.3986,0.527396,Mobile,-1.26911,0.08112,-1.099304
1.78121,1.59941,1.51022,1.10564,3.14417,1.46731,0.589911,DSLR,1.54476,-0.04291,-0.515729
1.79061,3.76697,1.56063,1.33873,3.15287,1.31531,0.0110782,Mobile,-0.6141,-0.24532,-1.3276518
1.553,3.56174,1.16693,1.59638,2.78753,1.35125,0.399091,Mobile,-0.77421,0.18432,-1.197289
1.73614,1.6663,1.54059,1.24344,2.87053,1.38604,0.367394,DSLR,1.20423,-0.15455,-0.876046
1.70879,2.14832,1.4473,1.73414,3.09147,1.38054,0.474111,DSLR,0.94315,-0.06676,-1.260029
1.77125,2.25816,1.60904,1.88358,3.14688,1.53349,0.573962,DSLR,0.88872,-0.07555,-1.309618
1.53339,2.0061,1.21037,2.33103,2.89659,1.2486,0.507804,Mobile,0.89049,0.03823,-1.823226
1.65642,4.05033,1.34893,1.86785,3.23395,1.48618,0.505661,DSLR,-0.81638,0.13725,-1.362189
1.61795,1.82289,1.31275,1.47474,2.71229,1.51471,0.182965,Film,0.8894,0.20196,-1.291775
1.48486,1.81767,1.28508,1.61216,3.01808,1.38211,0.243117,Mobile,1.20041,0.09703,-1.369043
1.71629,1.85064,1.38423,1.21599,3.00677,1.37348,0.433882,Mobile,1.15613,-0.01075,-0.782108
1.78943,4.53015,1.63417,1.17281,2.89747,1.56387,0.0198859,Film,-1.63268,-0.0703,-1.1529241
1.64166,1.49666,1.2434,1.54499,3.22961,1.35988,0.499509,Mobile,1.73295,0.11648,-1.045481
1.6233,2.46356,1.39555,1.87969,2.99503,1.30253,0.189593,Mobile,0.53147,-0.09302,-1.690097
1.54514,1.78512,1.17539,1.10935,3.04815,1.22659,0.499838,DSLR,1.26303,0.0512,-0.609512
1.67657,3.90126,1.30528,1.41532,2.73831,1.58811,0.29415,DSLR,-1.16295,0.28283,-1.12117
1.76035,4.18417,1.43807,1.98797,2.77852,1.43175,0.366405,DSLR,-1.40565,-0.00632,-1.621565
1.74456,2.3437,1.3265,1.10553,2.73737,1.32381,0.214551,Film,0.39367,-0.00269,-0.890979
1.68258,4.19273,1.49902,1.50051,3.29312,1.27415,0.058504,Film,-0.89961,-0.22487,-1.442006
1.65646,2.20635,1.42662,1.55861,2.79181,1.26173,0.0851833,Mobile,0.58546,-0.16489,-1.4734267
1.66703,4.1929,1.39569,1.36603,2.98523,1.31382,0.296127,Mobile,-1.20767,-0.08187,-1.069903
1.68423,2.26145,1.46104,1.71777,2.75858,1.41749,0.153191,Mobile,0.49713,-0.04355,-1.564579
1.60915,4.68919,1.30062,1.17367,2.87267,1.51504,0.340806,Mobile,-1.81652,0.21442,-0.832864
1.64216,3.65407,1.2356,1.85919,3.11147,1.50113,0.263918,DSLR,-0.5426,0.26553,-1.595272
1.72101,4.01773,1.39951,1.17119,3.02098,1.54963,0.456111,Mobile,-0.99675,0.15012,-0.715079
1.60085,2.75375,1.30336,1.60712,2.92358,1.30216,0.15374,DSLR,0.16983,-0.0012,-1.45338
1.77952,3.91351,1.497,1.72626,3.168,1.49796,0.17824,Mobile,-0.74551,0.00096,-1.54802
1.65723,1.90797,1.35246,1.69363,2.90424,1.36584,0.231764,Film,0.99627,0.01338,-1.461866
1.58899,1.44195,1.20314,1.3844,2.73084,1.38489,0.0288766,DSLR,1.28889,0.18175,-1.3555234
1.79373,1.50718,1.39449,1.13315,2.82135,1.29831,0.431227,DSLR,1.31417,-0.09618,-0.701923
1.82962,1.74512,1.54776,1.23085,2.87659,1.38867,0.200653,Mobile,1.13147,-0.15909,-1.030197
1.51014,2.31041,1.23099,1.4219,2.74058,1.23836,0.412146,DSLR,0.43017,0.00737,-1.009754
1.49726,4.27347,1.17717,1.45347,2.83775,1.55972,0.247273,Mobile,-1.43572,0.38255,-1.206197
1.48223,2.31998,1.25782,1.27617,2.81263,1.43284,0.496487,Mobile,0.49265,0.17502,-0.779683
1.73514,4.67162,1.43106,1.27929,2.75398,1.28719,0.508884,Mobile,-1.91764,-0.14387,-0.770406
1.61911,3.69848,1.23656,1.99487,3.23972,1.45374,0.0167913,DSLR,-0.45876,0.21718,-1.9780787
1.84553,4.67675,1.5165,1.38327,2.82133,1.35075,0.304495,Mobile,-1.85542,-0.16575,-1.078775
1.72706,1.19096,1.51467,1.1719,2.75261,1.59388,0.260018,DSLR,1.56165,0.07921,-0.911882
1.6969,2.28995,1.44618,1.38131,3.22994,1.59491,0.222333,DSLR,0.93999,0.14873,-1.158977
1.66685,2.80909,1.29288,1.8207,3.22965,1.57932,0.287228,Mobile,0.42056,0.28644,-1.533472
1.59335,4.13834,1.31226,1.35016,3.07184,1.46347,0.539409,Film,-1.0665,0.15121,-0.810751
1.80764,4.65937,1.64313,1.93931,3.1885,1.53541,0.0109317,DSLR,-1.47087,-0.10772,-1.9283783
1.68087,0.892396,1.33725,1.18136,3.29991,1.23182,0.101755,Mobile,2.407514,-0.10543,-1.079605
1.51102,2.56242,1.18001,1.1967,2.78247,1.54441,0.0110965,Film,0.22005,0.3644,-1.1856035
1.6418,1.82465,1.33841,1.60616,2.91906,1.57424,0.296512,Mobile,1.09441,0.23583,-1.309648
1.67647,4.19501,1.27682,1.80427,3.03225,1.53197,0.47087,Mobile,-1.16276,0.25515,-1.3334
1.78989,3.82777,1.57654,1.26841,3.09144,1.30378,0.446828,Mobile,-0.73633,-0.27276,-0.821582
1.76509,3.55089,1.61455,1.92449,2.72443,1.41995,0.113675,Mobile,-0.82646,-0.1946,-1.810815
1.6868,1.40461,1.31824,1.10602,2.93618,1.32257,0.061269,Mobile,1.53157,0.00433,-1.044751
1.64826,2.23909,1.29584,1.36264,2.70819,1.28333,0.522764,Mobile,0.4691,-0.01251,-0.839876
1.65225,4.5633,1.20315,1.77399,2.90562,1.41954,0.268789,DSLR,-1.65768,0.21639,-1.505201
1.60262,1.6297,1.29997,1.21005,3.0211,1.44825,0.524192,DSLR,1.3914,0.14828,-0.685858
1.67584,4.77814,1.48505,1.70467,3.11876,1.55333,0.0702048,Mobile,-1.65938,0.06828,-1.6344652
1.65359,2.5854,1.47863,1.4895,3.17569,1.46922,0.414966,Mobile,0.59029,-0.00941,-1.074534
1.61136,3.82312,1.43817,1.41412,2.93345,1.45803,0.138157,DSLR,-0.88967,0.01986,-1.275963
1.78501,3.97522,1.58656,1.42444,3.03755,1.52261,0.117228,Mobile,-0.93767,-0.06395,-1.307212
1.78158,2.15231,1.5528,1.52288,2.93858,1.40884,0.196002,DSLR,0.78627,-0.14396,-1.326878
1.78136,4.10251,1.61586,1.20621,3.22677,1.55399,0.239967,Film,-0.87574,-0.06187,-0.966243
1.46672,2.27381,1.05093,1.18201,3.04727,1.58558,0.307389,Mobile,0.77346,0.53465,-0.874621
1.82287,2.26276,1.60524,1.51476,3.07346,1.31704,0.329234,Mobile,0.8107,-0.2882,-1.185526
1.79723,4.45688,1.44389,1.30494,3.27262,1.27117,0.50773,Mobile,-1.18426,-0.17272,-0.79721
1.55697,4.33875,1.33424,1.22954,2.85885,1.44125,0.288437,Mobile,-1.4799,0.10701,-0.941103
1.58863,4.25224,1.19167,2.05402,3.26709,1.323,0.108457,DSLR,-0.98515,0.13133,-1.945563
1.81866,2.4499,1.58286,2.63272,2.97333,1.46601,0.449776,Mobile,0.52343,-0.11685,-2.182944
1.61909,3.35317,1.40395,1.75068,3.00684,1.55425,0.10593,Film,-0.34633,0.1503,-1.64475
1.52393,1.59905,1.28831,1.30612,3.12235,1.37867,0.278018,Mobile,1.5233,0.09036,-1.028102
1.67589,1.95518,1.34824,1.81658,3.10211,1.26289,0.425587,Mobile,1.14693,-0.08535,-1.390993
1.69482,4.12999,1.28973,1.2837,3.21167,1.39401,0.188055,Mobile,-0.91832,0.10428,-1.095645
1.6499,4.50755,1.4304,1.11076,2.91523,1.34606,0.232936,Mobile,-1.59232,-0.08434,-0.877824
1.79675,1.93478,1.63605,1.17393,3.04328,1.31255,0.457338,Mobile,1.1085,-0.3235,-0.716592
1.67255,1.46115,1.43758,1.16978,2.76706,1.43674,0.242842,DSLR,1.30591,-0.00084,-0.926938
1.71778,2.59519,1.28092,2.22214,3.05298,1.39533,0.514341,DSLR,0.45779,0.11441,-1.707799
1.6907,2.20253,1.48966,2.0728,3.01361,1.30089,0.257784,Mobile,0.81108,-0.18877,-1.815016
1.63576,2.38631,1.48439,1.72803,3.22106,1.29257,0.384808,Film,0.83475,-0.19182,-1.343222
1.75441,4.06609,1.42123,2.09799,3.27363,1.53213,0.466878,Mobile,-0.79246,0.1109,-1.631112
1.82091,2.19771,1.53428,1.89975,2.98717,1.36374,0.37622,Mobile,0.78946,-0.17054,-1.52353
1.68228,1.73378,1.47441,2.088,2.98864,1.58147,0.336576,Mobile,1.25486,0.10706,-1.751424
1.73065,1.59167,1.3468,1.40623,2.901,1.32649,0.182617,Mobile,1.30933,-0.02031,-1.223613
1.79128,1.98097,1.34606,1.27814,2.9968,1.35992,0.0245003,Mobile,1.01583,0.01386,-1.2536397
1.84399,3.62522,1.52267,1.95715,3.03947,1.37212,0.0901822,Mobile,-0.58575,-0.15055,-1.8669678
1.50554,4.1696,1.25379,1.91638,2.70154,1.25109,0.54752,Mobile,-1.46806,-0.0027,-1.36886
1.55402,2.23821,1.25934,1.503,3.12211,1.4848,0.0656087,Mobile,0.8839,0.22546,-1.4373913
1.63347,3.91828,1.26065,1.93759,2.71639,1.5715,0.435383,Mobile,-1.20189,0.31085,-1.502207
1.68391,2.09278,1.46878,1.5159,2.95573,1.30225,0.00789209,DSLR,0.86295,-0.16653,-1.50800791
1.69448,1.62282,1.51153,1.94462,2.76726,1.51598,0.101132,DSLR,1.14444,0.00445,-1.843488
1.68791,4.69533,1.41961,1.1816,2.73961,1.4554,0.545195,Film,-1.95572,0.03579,-0.636405
1.50242,1.56801,1.23523,1.23638,2.93336,1.42586,0.259651,Mobile,1.36535,0.19063,-0.976729
1.51897,2.52213,1.33852,2.31728,3.06254,1.52438,0.457704,Mobile,0.54041,0.18586,-1.859576
1.73259,1.75231,1.43252,1.36666,2.80815,1.21726,0.225391,DSLR,1.05584,-0.21526,-1.141269
1.67641,3.94202,1.30345,1.50964,2.92275,1.54835,0.308176,Mobile,-1.01927,0.2449,-1.201464
1.6871,1.72485,1.45514,1.24362,3.06124,1.20692,0.420698,Film,1.33639,-0.24822,-0.822922
1.68094,1.70442,1.27372,1.10149,2.80238,1.42696,0.560942,Mobile,1.09796,0.15324,-0.540548
1.62175,4.48522,1.43678,2.05551,2.78299,1.37336,0.525913,Mobile,-1.70223,-0.06342,-1.529597
1.69904,4.3762,1.48437,2.1034,2.72728,1.55047,0.170843,DSLR,-1.64892,0.0661,-1.932557
1.7672,2.51174,1.61173,1.52983,3.09252,1.29058,0.00260018,Mobile,0.58078,-0.32115,-1.52722982
1.64567,3.96904,1.32499,1.24644,2.94378,1.39642,0.123453,Mobile,-1.02526,0.07143,-1.122987
1.62177,4.86906,1.35655,1.1018,3.19087,1.57202,0.220997,Mobile,-1.67819,0.21547,-0.880803
1.74816,3.96757,1.49163,1.80818,3.14329,1.43013,0.507657,DSLR,-0.82428,-0.0615,-1.300523
1.68988,1.85394,1.53121,1.7639,2.94011,1.462,0.52302,Mobile,1.08617,-0.06921,-1.24088
1.76906,3.60849,1.45338,2.09119,3.06646,1.4467,0.401892,DSLR,-0.54203,-0.00668,-1.689298
1.67814,3.56582,1.28221,2.0653,2.95009,1.41256,0.0519852,Mobile,-0.61573,0.13035,-2.0133148
1.48765,3.95964,1.19814,2.39972,2.81769,1.49183,0.555339,Mobile,-1.14195,0.29369,-1.844381
1.74085,1.82754,1.3854,1.40372,3.0537,1.28272,0.0806421,DSLR,1.22616,-0.10268,-1.3230779
1.71571,4.12928,1.51427,1.33063,2.72152,1.29905,0.145189,Film,-1.40776,-0.21522,-1.185441
1.72796,4.55745,1.50701,1.60904,2.75208,1.39809,0.0682089,Mobile,-1.80537,-0.10892,-1.5408311
1.64557,4.50909,1.43543,1.46759,2.85204,1.58097,0.191607,Mobile,-1.65705,0.14554,-1.275983
1.75672,2.21348,1.54428,1.589,2.71113,1.50794,0.178057,DSLR,0.49765,-0.03634,-1.410943
1.83317,2.44346,1.64637,2.21493,3.2666,1.5117,0.110947,DSLR,0.82314,-0.13467,-2.103983
1.8323,3.72699,1.63003,2.18957,3.0903,1.27763,0.487277,DSLR,-0.63669,-0.3524,-1.702293
1.73703,3.50641,1.38746,2.33476,3.27508,1.33848,0.589288,Mobile,-0.23133,-0.04898,-1.745472
1.62872,3.44385,1.38077,1.55037,3.18497,1.35358,0.0191717,Mobile,-0.25888,-0.02719,-1.5311983
1.56768,1.89898,1.40778,1.23507,3.17596,1.25947,0.456844,Mobile,1.27698,-0.14831,-0.778226
1.74405,4.50042,1.59338,1.20663,2.9641,1.43839,0.230171,Mobile,-1.53632,-0.15499,-0.976459
1.69074,1.90211,1.51415,1.59232,3.19043,1.50558,0.145024,Mobile,1.28832,-0.00857,-1.447296
1.68305,2.35885,1.3869,1.71189,3.18367,1.21362,0.482113,Mobile,0.82482,-0.17328,-1.229777
1.73221,4.15709,1.54402,2.12349,3.02574,1.5636,0.00701316,Mobile,-1.13135,0.01958,-2.11647684
1.61572,2.84879,1.37923,1.96378,2.85771,1.34783,0.331468,Film,0.00892,-0.0314,-1.632312
1.8077,2.25784,1.46312,1.548,2.79923,1.47837,0.0833155,Mobile,0.54139,0.01525,-1.4646845
1.55203,1.41549,1.32676,1.22001,2.76812,1.22714,0.366625,DSLR,1.35263,-0.09962,-0.853385
1.72006,4.26934,1.47619,1.45028,2.75402,1.57126,0.393506,Mobile,-1.51532,0.09507,-1.056774
1.63191,2.34877,1.47709,2.06507,2.99411,1.44599,0.224366,Mobile,0.64534,-0.0311,-1.840704
1.53246,4.44019,1.20002,1.37693,3.09785,1.51259,0.535343,Mobile,-1.34234,0.31257,-0.841587
1.69139,4.67208,1.4033,1.37707,3.14313,1.2956,0.516959,Mobile,-1.52895,-0.1077,-0.860111
1.66895,4.11204,1.4819,2.03736,3.1961,1.48543,0.0726035,Mobile,-0.91594,0.00353,-1.9647565
1.72119,4.14095,1.49757,1.97268,2.86392,1.28755,0.101004,DSLR,-1.27703,-0.21002,-1.871676
1.80213,3.64181,1.59972,1.94978,3.25049,1.57832,0.292904,Film,-0.39132,-0.0214,-1.656876
1.74497,4.03098,1.57673,1.89443,2.9236,1.35,0.219422,Mobile,-1.10738,-0.22673,-1.675008
1.57898,2.22112,1.33962,1.32923,2.89446,1.34441,0.416395,Mobile,0.67334,0.00479,-0.912835
1.6497,4.59641,1.2628,1.53143,3.2293,1.53412,0.347545,Mobile,-1.36711,0.27132,-1.183885
1.59102,4.54859,1.3109,1.28995,2.8368,1.26455,0.237349,DSLR,-1.71179,-0.04635,-1.052601
1.64249,1.98682,1.43295,1.98016,2.87617,1.46807,0.274996,Mobile,0.88935,0.03512,-1.705164
1.69827,2.61336,1.46287,2.16472,2.78418,1.25165,0.478982,Mobile,0.17082,-0.21122,-1.685738
1.72135,1.64572,1.30406,1.29994,2.80287,1.39632,0.454244,DSLR,1.15715,0.09226,-0.845696
1.71756,4.1959,1.48052,1.97125,2.9747,1.53407,0.243464,Mobile,-1.2212,0.05355,-1.727786
1.69709,3.81939,1.29364,1.63658,2.9355,1.44144,0.147093,Mobile,-0.88389,0.1478,-1.489487
1.84637,4.54707,1.44523,1.21157,3.15285,1.45534,0.237989,DSLR,-1.39422,0.01011,-0.973581
1.72949,3.9785,1.49549,2.22435,2.80168,1.52612,0.400757,Mobile,-1.17682,0.03063,-1.823593
1.77435,4.12062,1.54975,1.53245,2.71782,1.52792,0.358348,Mobile,-1.4028,-0.02183,-1.174102
1.71385,2.00594,1.29372,1.74975,2.89567,1.39288,0.584143,Film,0.88973,0.09916,-1.165607
1.60377,1.48967,1.43868,1.17678,3.07585,1.47813,0.310996,DSLR,1.58618,0.03945,-0.865784
1.64664,4.40815,1.4644,1.76208,3.176,1.55887,0.316196,Mobile,-1.23215,0.09447,-1.445884
1.5411,1.4225,1.34325,1.24168,2.72831,1.22025,0.255348,Mobile,1.30581,-0.123,-0.986332
1.62351,1.86062,1.33893,1.59489,3.17664,1.44339,0.317203,Mobile,1.31602,0.10446,-1.277687
1.65074,1.30713,1.36927,1.25304,2.92651,1.49684,0.546879,Mobile,1.61938,0.12757,-0.706161
1.72311,3.97927,1.52191,1.35564,3.11326,1.50556,0.21435,Mobile,-0.86601,-0.01635,-1.14129
1.68239,2.26059,1.30254,1.78583,3.02447,1.523,0.562993,Mobile,0.76388,0.22046,-1.222837
1.69304,2.02035,1.53092,1.66533,3.26559,1.22952,0.0327952,Mobile,1.24524,-0.3014,-1.6325348
1.52088,2.10468,1.14381,1.13206,2.7612,1.57212,0.492257,Mobile,0.65652,0.42831,-0.639803
1.73726,1.44284,1.43176,1.25808,2.81706,1.39503,0.403778,DSLR,1.37422,-0.03673,-0.854302
1.65941,4.48672,1.40838,1.29091,3.20334,1.44045,0.0688131,DSLR,-1.28338,0.03207,-1.2220969
1.66228,2.88099,1.49753,1.58987,3.23344,1.27045,0.420368,DSLR,0.35245,-0.22708,-1.169502
1.57945,4.24878,1.14029,1.11063,3.17959,1.52814,0.532853,Mobile,-1.06919,0.38785,-0.577777
