Height,Camera_x,Camera_y,Camera_z,Direction_x,Direction_y,Direction_z,Camera_type,Dx,Dy,Dz
1.74679,1.64626,1.52542,1.65988,3.09755,1.59988,0.584454,DSLR,1.45129,0.07446,-1.075426
1.7594,2.37262,1.52316,1.46387,2.83845,1.57407,0.103568,DSLR,0.46583,0.05091,-1.360302
1.78864,1.53168,1.54264,1.7697,2.70095,1.51427,0.188787,Mobile,1.16927,-0.02837,-1.580913
1.63293,4.30862,1.21326,1.27352,2.77517,1.2046,0.58449,DSLR,-1.53345,-0.00866,-0.68903
1.69054,1.74479,1.48632,1.95801,2.93303,1.54859,0.424451,DSLR,1.18824,0.06227,-1.533559
1.77315,2.27232,1.41068,2.49799,2.96751,1.52025,0.417914,Mobile,0.69519,0.10957,-2.080076
1.61785,3.24772,1.19592,2.05665,3.1723,1.44711,0.486178,Mobile,-0.07542,0.25119,-1.570472
1.65754,3.96853,1.39347,1.62798,2.79923,1.25005,0.0878384,DSLR,-1.1693,-0.14342,-1.5401416
1.61405,1.41692,1.46077,1.38228,3.06679,1.39334,0.390484,DSLR,1.64987,-0.06743,-0.991796
1.61907,3.70737,1.43916,1.18063,2.90631,1.27195,0.0696005,Mobile,-0.80106,-0.16721,-1.1110295
1.73657,4.02832,1.51496,2.16123,3.29965,1.22855,0.517289,Mobile,-0.72867,-0.28641,-1.643941
1.70466,3.3848,1.48133,1.8566,3.15646,1.40344,0.496268,Mobile,-0.22834,-0.07789,-1.360332
1.67455,2.16838,1.25403,1.42578,2.878,1.42424,0.459078,Mobile,0.70962,0.17021,-0.966702
1.65061,1.8795,1.46032,1.76565,2.72992,1.39003,0.535746,Mobile,0.85042,-0.07029,-1.229904
1.76509,1.91629,1.40568,1.13849,2.97608,1.34588,0.458748,DSLR,1.05979,-0.0598,-0.679742
1.70998,3.32372,1.53112,2.08471,2.88276,1.32885,0.309677,DSLR,-0.44096,-0.20227,-1.775033
1.73425,3.89435,1.50374,1.56304,3.0637,1.3457,0.0173223,Mobile,-0.83065,-0.15804,-1.5457177
1.60426,2.27611,1.37511,1.53193,3.07366,1.36485,0.0853664,Mobile,0.79755,-0.01026,-1.4465636
1.64104,4.02251,1.40747,1.1858,2.95192,1.4218,0.552922,Mobile,-1.07059,0.01433,-0.632878
1.68069,1.98617,1.49277,1.8123,3.03566,1.49724,0.171996,Mobile,1.04949,0.00447,-1.640304
1.70392,1.33822,1.45849,1.14005,3.08636,1.38115,0.0919401,DSLR,1.74814,-0.07734,-1.0481099
1.61764,3.53985,1.34393,1.429,3.27438,1.33351,0.452339,Mobile,-0.26547,-0.01042,-0.976661
1.64656,2.43507,1.31251,1.31478,2.92004,1.24409,0.0742332,DSLR,0.48497,-0.06842,-1.2405468
1.72457,2.04001,1.35961,1.88845,2.77308,1.42866,0.581378,DSLR,0.73307,0.06905,-1.307072
1.80379,4.16203,1.53059,1.61746,2.89668,1.22767,0.25295,DSLR,-1.26535,-0.30292,-1.36451
1.72519,4.6332,1.50131,1.82438,3.18706,1.24702,0.382849,DSLR,-1.44614,-0.25429,-1.441531
1.79954,1.45574,1.63978,1.35427,3.27587,1.24537,0.570647,Mobile,1.82013,-0.39441,-0.783623
1.64555,1.42506,1.35434,1.32221,2.70736,1.38438,0.275216,Mobile,1.2823,0.03004,-1.046994
1.80599,3.61769,1.38513,1.27316,2.93112,1.26077,0.39281,DSLR,-0.68657,-0.12436,-0.88035
1.73142,3.66108,1.33935,2.08542,3.27614,1.48753,0.0581011,DSLR,-0.38494,0.14818,-2.0273189
1.75927,2.60201,1.5864,1.87233,2.75253,1.23265,0.180016,Mobile,0.15052,-0.35375,-1.692314
1.64846,1.60429,1.41702,1.33357,2.93409,1.50918,0.0904935,Mobile,1.3298,0.09216,-1.2430765
1.67097,4.07361,1.3914,1.10301,2.98465,1.58895,0.180163,DSLR,-1.08896,0.19755,-0.922847
1.71712,4.05247,1.40941,1.78014,2.98183,1.33543,0.192084,Mobile,-1.07064,-0.07398,-1.588056
1.69394,1.64433,1.49602,2.10827,2.73126,1.36712,0.0215522,Film,1.08693,-0.1289,-2.0867178
1.76371,3.28431,1.51382,1.72307,2.93603,1.2234,0.298801,Film,-0.34828,-0.29042,-1.424269
1.70613,1.2748,1.41248,1.41659,2.95835,1.35846,0.388836,Mobile,1.68355,-0.05402,-1.027754
1.76391,1.668,1.56818,1.41865,2.76171,1.2866,0.00401013,DSLR,1.09371,-0.28158,-1.41463987
1.58576,4.038,1.29331,1.26045,3.22621,1.3938,0.462191,DSLR,-0.81179,0.10049,-0.798259
1.47432,1.93144,1.22252,1.51523,2.76206,1.26529,0.416468,Mobile,0.83062,0.04277,-1.098762
1.8329,2.6985,1.6049,2.16815,3.0821,1.50804,0.101718,DSLR,0.3836,-0.09686,-2.066432
1.5645,4.47524,1.22513,1.52309,3.20694,1.21963,0.0661946,DSLR,-1.2683,-0.0055,-1.4568954
1.77323,3.22491,1.61496,1.70806,3.14481,1.32124,0.457961,Mobile,-0.0801,-0.29372,-1.250099
1.54658,2.46384,1.15376,2.2238,3.08107,1.58301,0.289865,Mobile,0.61723,0.42925,-1.933935
1.64557,4.44369,1.44943,1.51783,3.01217,1.37348,0.589673,Film,-1.43152,-0.07595,-0.928157
1.59508,4.31065,1.23151,1.38477,3.03377,1.21289,0.426576,DSLR,-1.27688,-0.01862,-0.958194
1.72563,1.8531,1.38222,1.86981,3.02292,1.55121,0.570464,Mobile,1.16982,0.16899,-1.299346
1.60939,2.19498,1.40971,2.29862,2.9108,1.47699,0.0554277,DSLR,0.71582,0.06728,-2.2431923
1.69413,4.39414,1.30638,1.13348,2.80401,1.54243,0.265346,Mobile,-1.59013,0.23605,-0.868134
1.53103,1.30901,1.09035,1.1116,3.14998,1.41187,0.00635396,Mobile,1.84097,0.32152,-1.10524604
1.74509,3.86758,1.4466,1.30078,3.03491,1.25835,0.0582476,Film,-0.83267,-0.18825,-1.2425324
1.52319,1.63998,1.34312,1.72134,2.82181,1.59202,0.174889,Film,1.18183,0.2489,-1.546451
1.72181,3.49789,1.41071,1.75332,2.75975,1.35898,0.512271,DSLR,-0.73814,-0.05173,-1.241049
1.63273,1.53443,1.41452,1.39209,2.99616,1.34623,0.272817,Mobile,1.46173,-0.06829,-1.119273
1.81327,1.40318,1.44273,2.03587,2.8789,1.41994,0.0432508,DSLR,1.47572,-0.02279,-1.9926192
1.62941,1.85664,1.45451,1.27668,2.81642,1.35945,0.345384,Mobile,0.95978,-0.09506,-0.931296
1.61319,1.4458,1.1756,1.72623,2.75098,1.47845,0.188604,Mobile,1.30518,0.30285,-1.537626
1.53351,1.3099,1.23582,1.20986,2.96227,1.49708,0.586761,Mobile,1.65237,0.26126,-0.623099
1.72918,4.09466,1.5109,1.65993,2.93682,1.29549,0.15211,Film,-1.15784,-0.21541,-1.50782
1.63569,4.27955,1.43342,1.36574,3.28253,1.48944,0.28461,DSLR,-0.99702,0.05602,-1.08113
1.75049,3.75375,1.38159,2.77986,2.81631,1.47202,0.40614,DSLR,-0.93744,0.09043,-2.37372
1.76529,2.00381,1.60334,1.77565,3.27892,1.51408,0.225336,Mobile,1.27511,-0.08926,-1.550314
1.83162,2.20638,1.64975,1.36806,3.10967,1.5565,0.0326487,DSLR,0.90329,-0.09325,-1.3354113
1.63587,1.51934,1.31124,1.72568,3.02253,1.51303,0.591064,Mobile,1.50319,0.20179,-1.134616
1.62129,2.60881,1.32367,2.14258,3.23413,1.2814,0.384075,DSLR,0.62532,-0.04227,-1.758505
1.81501,2.63289,1.57806,1.92835,2.98379,1.48277,0.479641,Mobile,0.3509,-0.09529,-1.448709
1.69427,3.53107,1.48243,1.96814,2.92757,1.26609,0.345293,Mobile,-0.6035,-0.21634,-1.622847
1.74074,4.7939,1.57732,1.14278,2.75733,1.57444,0.079049,Mobile,-2.03657,-0.00288,-1.063731
1.82197,3.76069,1.53343,1.55491,2.87011,1.32359,0.5781,Mobile,-0.89058,-0.20984,-0.97681
1.67955,2.03618,1.28012,2.04228,3.16316,1.4416,0.227314,Mobile,1.12698,0.16148,-1.814966
1.52632,3.92044,1.25369,1.62247,2.93502,1.50876,0.229402,Mobile,-0.98542,0.25507,-1.393068
1.58917,3.91235,1.23381,1.72314,2.70513,1.27318,0.389038,DSLR,-1.20722,0.03937,-1.334102
1.7691,4.05059,1.59511,1.97692,3.00008,1.24546,0.484182,Film,-1.05051,-0.34965,-1.492738
1.7058,2.40834,1.39088,1.60715,3.06818,1.54919,0.580297,Mobile,0.65984,0.15831,-1.026853
1.77172,2.91494,1.43555,1.66222,3.15098,1.27,0.244746,Mobile,0.23604,-0.16555,-1.417474
1.54644,1.68578,1.10026,1.85495,3.23538,1.55632,0.472591,DSLR,1.5496,0.45606,-1.382359
1.6355,3.61088,1.38939,1.97036,2.80747,1.32856,0.117466,DSLR,-0.80341,-0.06083,-1.852894
1.74755,4.36216,1.46926,2.00115,2.90629,1.30153,0.0073977,Mobile,-1.45587,-0.16773,-1.9937523
1.72559,1.5195,1.5687,1.26302,2.80406,1.56603,5.88E-01,Mobile,1.28456,-0.00267,-0.67502
1.83013,2.34287,1.58476,1.81403,3.19766,1.26056,0.15266,DSLR,0.85479,-0.3242,-1.66137
1.81718,4.33269,1.4436,1.19478,2.75609,1.34369,0.366277,DSLR,-1.5766,-0.09991,-0.828503
1.78861,4.43565,1.46758,1.56847,3.10773,1.39918,0.332054,DSLR,-1.32792,-0.0684,-1.236416
1.71748,1.90156,1.41479,1.92321,3.14269,1.42346,0.583667,DSLR,1.24113,0.00867,-1.339543
1.83685,4.48005,1.58269,1.98288,3.12566,1.50456,0.158794,DSLR,-1.35439,-0.07813,-1.824086
1.62976,2.27973,1.22679,1.20527,3.23776,1.25571,0.420936,Mobile,0.95803,0.02892,-0.784334
1.67623,2.305,1.3223,2.0471,3.06684,1.46438,0.204865,DSLR,0.76184,0.14208,-1.842235
1.66248,3.59775,1.30411,1.92716,3.1202,1.30898,0.0513077,Mobile,-0.47755,0.00487,-1.8758523
1.72652,3.88497,1.44709,1.92005,3.11596,1.53098,0.437123,Film,-0.76901,0.08389,-1.482927
1.65646,4.14801,1.43613,1.86028,3.29491,1.37811,0.077694,DSLR,-0.8531,-0.05802,-1.782586
1.75789,4.64347,1.45673,1.36792,2.95846,1.20828,0.051326,DSLR,-1.68501,-0.24845,-1.316594
1.71111,2.17354,1.27741,2.36673,2.95511,1.20909,0.146287,Mobile,0.78157,-0.06832,-2.220443
1.80903,1.73363,1.41999,1.6831,3.18209,1.59879,0.335643,Mobile,1.44846,0.1788,-1.347457
1.53423,3.49341,1.32934,1.87578,3.01832,1.57777,0.317661,Mobile,-0.47509,0.24843,-1.558119
1.67997,1.80744,1.4363,1.82421,3.22948,1.4482,0.494491,Mobile,1.42204,0.0119,-1.329719
1.81939,4.36742,1.47152,1.16554,2.96613,1.35975,0.0763573,Mobile,-1.40129,-0.11177,-1.0891827
1.68494,4.48778,1.51861,1.12447,3.08331,1.32537,0.0643452,Mobile,-1.40447,-0.19324,-1.0601248
1.64551,3.85233,1.28101,2.14056,3.01979,1.5296,0.360656,Mobile,-0.83254,0.24859,-1.779904
1.66045,1.09463,1.30852,1.17537,2.96503,1.37468,0.252565,DSLR,1.8704,0.06616,-0.922805
1.56787,1.4756,1.26402,1.81471,3.08246,1.22601,0.493155,Mobile,1.60686,-0.03801,-1.321555
1.7866,4.19928,1.54687,1.54231,2.82854,1.47877,0.430366,Mobile,-1.37074,-0.0681,-1.111944
1.56785,1.6535,1.27335,1.61006,2.77965,1.22128,0.194153,Mobile,1.12615,-0.05207,-1.415907
1.63466,1.7039,1.37738,1.44829,3.13009,1.26878,0.111606,Mobile,1.42619,-0.1086,-1.336684
1.74575,1.63928,1.46495,1.67629,3.02885,1.53185,0.358495,Mobile,1.38957,0.0669,-1.317795
1.76492,3.65133,1.33123,1.63427,3.25539,1.21984,0.248115,Mobile,-0.39594,-0.11139,-1.386155
1.58419,4.55144,1.40549,1.18769,3.26962,1.30795,0.177252,Mobile,-1.28182,-0.09754,-1.010438
1.64828,0.885499,1.26614,1.16743,3.28575,1.46921,0.373199,Mobile,2.400251,0.20307,-0.794231
1.63227,2.0512,1.42831,1.29167,3.18578,1.33966,0.485885,DSLR,1.13458,-0.08865,-0.805785
1.81821,3.14107,1.57991,1.71143,3.08384,1.59447,0.42447,Mobile,-0.05723,0.01456,-1.28696
1.802,2.40567,1.57293,1.61353,3.05027,1.3168,0.119443,Mobile,0.6446,-0.25613,-1.494087
1.71789,3.75132,1.50712,1.83709,3.1807,1.58954,0.177068,DSLR,-0.57062,0.08242,-1.660022
1.75907,1.56256,1.48057,1.16856,3.12463,1.38017,0.556822,Mobile,1.56207,-0.1004,-0.611738
1.70035,4.08122,1.47417,1.54844,3.24532,1.27569,0.318943,Mobile,-0.8359,-0.19848,-1.229497
1.65806,1.43182,1.36329,1.91626,2.8438,1.30188,0.234602,Film,1.41198,-0.06141,-1.681658
1.7229,3.30584,1.57058,1.16722,3.21764,1.58535,0.498795,Mobile,-0.0882,0.01477,-0.668425
1.70015,1.76579,1.31757,2.17797,3.21786,1.23191,0.412293,Film,1.45207,-0.08566,-1.765677
1.54964,1.11602,1.14534,1.35587,2.88661,1.35596,0.178771,Mobile,1.77059,0.21062,-1.177099
1.77937,2.79129,1.38336,1.99672,2.98166,1.34871,0.369903,Mobile,0.19037,-0.03465,-1.626817
1.67982,3.95379,1.42041,2.05576,3.19456,1.47152,0.0223395,Mobile,-0.75923,0.05111,-2.0334205
1.64817,1.29426,1.23978,1.12896,2.72406,1.55107,0.219129,DSLR,1.4298,0.31129,-0.909831
1.63048,1.68421,1.43078,1.23631,3.24866,1.58931,0.0491653,DSLR,1.56445,0.15853,-1.1871447
1.55424,3.30104,1.37131,1.84029,2.72725,1.32901,0.509671,DSLR,-0.57379,-0.0423,-1.330619
1.75234,2.32629,1.57136,1.53872,2.92134,1.28926,0.0879116,Mobile,0.59505,-0.2821,-1.4508084
1.67246,2.53157,1.28356,1.68374,2.74829,1.35104,0.111405,DSLR,0.21672,0.06748,-1.572335
1.65019,4.18699,1.45411,1.32111,3.22053,1.2835,0.558415,DSLR,-0.96646,-0.17061,-0.762695
1.75003,1.66745,1.40463,1.3723,3.27349,1.30534,0.154326,Film,1.60604,-0.09929,-1.217974
1.67063,4.43033,1.37482,1.23782,2.91102,1.32347,0.114389,Mobile,-1.51931,-0.05135,-1.123431
1.73325,1.42111,1.37956,1.92793,3.27706,1.53226,0.506888,Mobile,1.85595,0.1527,-1.421042
1.67695,3.76619,1.45539,2.08189,2.76834,1.24227,0.177966,Mobile,-0.99785,-0.21312,-1.903924
1.70432,1.90139,1.55179,1.81568,3.01548,1.38586,0.174322,Mobile,1.11409,-0.16593,-1.641358
1.82914,3.48257,1.53289,2.00101,2.74624,1.36976,0.297171,DSLR,-0.73633,-0.16313,-1.703839
1.54901,1.93148,1.15449,1.28699,3.28854,1.46175,0.0983673,DSLR,1.35706,0.30726,-1.1886227
1.81549,1.70361,1.60494,2.0161,2.83913,1.55752,0.357781,Film,1.13552,-0.04742,-1.658319
1.83375,3.83698,1.48657,1.74195,3.0983,1.42891,0.539006,DSLR,-0.73868,-0.05766,-1.202944
1.69261,1.75417,1.51735,1.73444,3.12066,1.45178,0.180731,Mobile,1.36649,-0.06557,-1.553709
1.63201,2.24612,1.35628,1.63818,2.73774,1.40289,0.5202,Mobile,0.49162,0.04661,-1.11798
1.76315,2.3079,1.56453,1.72986,2.93977,1.25136,0.536277,DSLR,0.63187,-0.31317,-1.193583
1.8311,3.30248,1.56172,1.12088,2.83951,1.39785,0.520457,Mobile,-0.46297,-0.16387,-0.600423
1.65992,1.52196,1.38774,1.42905,3.15536,1.58829,0.306272,DSLR,1.6334,0.20055,-1.122778
1.76035,1.94533,1.34004,2.11836,2.81673,1.5951,0.289535,DSLR,0.8714,0.25506,-1.828825
1.56265,3.67385,1.30303,1.77289,2.99087,1.36854,0.425623,Mobile,-0.68298,0.06551,-1.347267
1.64824,1.93207,1.48237,1.26586,3.02685,1.56556,0.172546,Film,1.09478,0.08319,-1.093314
1.68855,1.71307,1.48952,1.54586,3.19021,1.41047,0.334416,Mobile,1.47714,-0.07905,-1.211444
1.54758,4.58165,1.15559,1.62463,3.28967,1.58351,0.222864,DSLR,-1.29198,0.42792,-1.401766
1.61532,1.74159,1.35092,1.14826,2.85574,1.51843,0.571819,DSLR,1.11415,0.16751,-0.576441
1.69038,3.78507,1.46551,1.50921,3.29095,1.3693,0.0847621,DSLR,-0.49412,-0.09621,-1.4244479
1.61572,3.97627,1.33916,1.49764,2.85033,1.22898,0.242879,DSLR,-1.12594,-0.11018,-1.254761
1.59132,4.17205,1.31748,1.6267,2.90294,1.3986,0.527396,Mobile,-1.26911,0.08112,-1.099304
1.78121,1.59941,1.51022,1.10564,3.14417,1.46731,0.589911,DSLR,1.54476,-0.04291,-0.515729
1.79061,3.76697,1.56063,1.33873,3.15287,1.31531,0.0110782,Mobile,-0.6141,-0.24532,-1.3276518
1.553,3.56174,1.16693,1.59638,2.78753,1.35125,0.399091,Mobile,-0.77421,0.18432,-1.197289
1.73614,1.6663,1.54059,1.24344,2.87053,1.38604,0.367394,DSLR,1.20423,-0.15455,-0.876046
1.70879,2.14832,1.4473,1.73414,3.09147,1.38054,0.474111,DSLR,0.94315,-0.06676,-1.260029
1.77125,2.25816,1.60904,1.88358,3.14688,1.53349,0.573962,DSLR,0.88872,-0.07555,-1.309618
1.53339,2.0061,1.21037,2.33103,2.89659,1.2486,0.507804,Mobile,0.89049,0.03823,-1.823226
1.65642,4.05033,1.34893,1.86785,3.23395,1.48618,0.505661,DSLR,-0.81638,0.13725,-1.362189
1.61795,1.82289,1.31275,1.47474,2.71229,1.51471,0.182965,Film,0.8894,0.20196,-1.291775
1.48486,1.81767,1.28508,1.61216,3.01808,1.38211,0.243117,Mobile,1.20041,0.09703,-1.369043
1.71629,1.85064,1.38423,1.21599,3.00677,1.37348,0.433882,Mobile,1.15613,-0.01075,-0.782108
1.78943,4.53015,1.63417,1.17281,2.89747,1.56387,0.0198859,Film,-1.63268,-0.0703,-1.1529241
1.64166,1.49666,1.2434,1.54499,3.22961,1.35988,0.499509,Mobile,1.73295,0.11648,-1.045481
1.6233,2.46356,1.39555,1.87969,2.99503,1.30253,0.189593,Mobile,0.53147,-0.09302,-1.690097
1.54514,1.78512,1.17539,1.10935,3.04815,1.22659,0.499838,DSLR,1.26303,0.0512,-0.609512
1.67657,3.90126,1.30528,1.41532,2.73831,1.58811,0.29415,DSLR,-1.16295,0.28283,-1.12117
1.76035,4.18417,1.43807,1.98797,2.77852,1.43175,0.366405,DSLR,-1.40565,-0.00632,-1.621565
1.74456,2.3437,1.3265,1.10553,2.73737,1.32381,0.214551,Film,0.39367,-0.00269,-0.890979
1.68258,4.19273,1.49902,1.50051,3.29312,1.27415,0.058504,Film,-0.89961,-0.22487,-1.442006
1.65646,2.20635,1.42662,1.55861,2.79181,1.26173,0.0851833,Mobile,0.58546,-0.16489,-1.4734267
1.66703,4.1929,1.39569,1.36603,2.98523,1.31382,0.296127,Mobile,-1.20767,-0.08187,-1.069903
1.68423,2.26145,1.46104,1.71777,2.75858,1.41749,0.153191,Mobile,0.49713,-0.04355,-1.564579
1.60915,4.68919,1.30062,1.17367,2.87267,1.51504,0.340806,Mobile,-1.81652,0.21442,-0.832864
1.64216,3.65407,1.2356,1.85919,3.11147,1.50113,0.263918,DSLR,-0.5426,0.26553,-1.595272
1.72101,4.01773,1.39951,1.17119,3.02098,1.54963,0.456111,Mobile,-0.99675,0.15012,-0.715079
1.60085,2.75375,1.30336,1.60712,2.92358,1.30216,0.15374,DSLR,0.16983,-0.0012,-1.45338
1.77952,3.91351,1.497,1.72626,3.168,1.49796,0.17824,Mobile,-0.74551,0.00096,-1.54802
1.65723,1.90797,1.35246,1.69363,2.90424,1.36584,0.231764,Film,0.99627,0.01338,-1.461866
1.58899,1.44195,1.20314,1.3844,2.73084,1.38489,0.0288766,DSLR,1.28889,0.18175,-1.3555234
1.79373,1.50718,1.39449,1.13315,2.82135,1.29831,0.431227,DSLR,1.31417,-0.09618,-0.701923
1.82962,1.74512,1.54776,1.23085,2.87659,1.38867,0.200653,Mobile,1.13147,-0.15909,-1.030197
1.51014,2.31041,1.23099,1.4219,2.74058,1.23836,0.412146,DSLR,0.43017,0.00737,-1.009754
1.49726,4.27347,1.17717,1.45347,2.83775,1.55972,0.247273,Mobile,-1.43572,0.38255,-1.206197
1.48223,2.31998,1.25782,1.27617,2.81263,1.43284,0.496487,Mobile,0.49265,0.17502,-0.779683
1.73514,4.67162,1.43106,1.27929,2.75398,1.28719,0.508884,Mobile,-1.91764,-0.14387,-0.770406
1.61911,3.69848,1.23656,1.99487,3.23972,1.45374,0.0167913,DSLR,-0.45876,0.21718,-1.9780787
1.84553,4.67675,1.5165,1.38327,2.82133,1.35075,0.304495,Mobile,-1.85542,-0.16575,-1.078775
1.72706,1.19096,1.51467,1.1719,2.75261,1.59388,0.260018,DSLR,1.56165,0.07921,-0.911882
1.6969,2.28995,1.44618,1.38131,3.22994,1.59491,0.222333,DSLR,0.93999,0.14873,-1.158977
1.66685,2.80909,1.29288,1.8207,3.22965,1.57932,0.287228,Mobile,0.42056,0.28644,-1.533472
1.59335,4.13834,1.31226,1.35016,3.07184,1.46347,0.539409,Film,-1.0665,0.15121,-0.810751
1.80764,4.65937,1.64313,1.93931,3.1885,1.53541,0.0109317,DSLR,-1.47087,-0.10772,-1.9283783
1.68087,0.892396,1.33725,1.18136,3.29991,1.23182,0.101755,Mobile,2.407514,-0.10543,-1.079605
1.51102,2.56242,1.18001,1.1967,2.78247,1.54441,0.0110965,Film,0.22005,0.3644,-1.1856035
1.6418,1.82465,1.33841,1.60616,2.91906,1.57424,0.296512,Mobile,1.09441,0.23583,-1.309648
1.67647,4.19501,1.27682,1.80427,3.03225,1.53197,0.47087,Mobile,-1.16276,0.25515,-1.3334
1.78989,3.82777,1.57654,1.26841,3.09144,1.30378,0.446828,Mobile,-0.73633,-0.27276,-0.821582
1.76509,3.55089,1.61455,1.92449,2.72443,1.41995,0.113675,Mobile,-0.82646,-0.1946,-1.810815
1.6868,1.40461,1.31824,1.10602,2.93618,1.32257,0.061269,Mobile,1.53157,0.00433,-1.044751
1.64826,2.23909,1.29584,1.36264,2.70819,1.28333,0.522764,Mobile,0.4691,-0.01251,-0.839876
1.65225,4.5633,1.20315,1.77399,2.90562,1.41954,0.268789,DSLR,-1.65768,0.21639,-1.505201
1.60262,1.6297,1.29997,1.21005,3.0211,1.44825,0.524192,DSLR,1.3914,0.14828,-0.685858
1.67584,4.77814,1.48505,1.70467,3.11876,1.55333,0.0702048,Mobile,-1.65938,0.06828,-1.6344652
1.65359,2.5854,1.47863,1.4895,3.17569,1.46922,0.414966,Mobile,0.59029,-0.00941,-1.074534
1.61136,3.82312,1.43817,1.41412,2.93345,1.45803,0.138157,DSLR,-0.88967,0.01986,-1.275963
1.78501,3.97522,1.58656,1.42444,3.03755,1.52261,0.117228,Mobile,-0.93767,-0.06395,-1.307212
1.78158,2.15231,1.5528,1.52288,2.93858,1.40884,0.196002,DSLR,0.78627,-0.14396,-1.326878
1.78136,4.10251,1.61586,1.20621,3.22677,1.55399,0.239967,Film,-0.87574,-0.06187,-0.966243
1.46672,2.27381,1.05093,1.18201,3.04727,1.58558,0.307389,Mobile,0.77346,0.53465,-0.874621
1.82287,2.26276,1.60524,1.51476,3.07346,1.31704,0.329234,Mobile,0.8107,-0.2882,-1.185526
1.79723,4.45688,1.44389,1.30494,3.27262,1.27117,0.50773,Mobile,-1.18426,-0.17272,-0.79721
1.55697,4.33875,1.33424,1.22954,2.85885,1.44125,0.288437,Mobile,-1.4799,0.10701,-0.941103
1.58863,4.25224,1.19167,2.05402,3.26709,1.323,0.108457,DSLR,-0.98515,0.13133,-1.945563
1.81866,2.4499,1.58286,2.63272,2.97333,1.46601,0.449776,Mobile,0.52343,-0.11685,-2.182944
1.61909,3.35317,1.40395,1.75068,3.00684,1.55425,0.10593,Film,-0.34633,0.1503,-1.64475
1.52393,1.59905,1.28831,1.30612,3.12235,1.37867,0.278018,Mobile,1.5233,0.09036,-1.028102
1.67589,1.95518,1.34824,1.81658,3.10211,1.26289,0.425587,Mobile,1.14693,-0.08535,-1.390993
1.69482,4.12999,1.28973,1.2837,3.21167,1.39401,0.188055,Mobile,-0.91832,0.10428,-1.095645
1.6499,4.50755,1.4304,1.11076,2.91523,1.34606,0.232936,Mobile,-1.59232,-0.08434,-0.877824
1.79675,1.93478,1.63605,1.17393,3.04328,1.31255,0.457338,Mobile,1.1085,-0.3235,-0.716592
1.67255,1.46115,1.43758,1.16978,2.76706,1.43674,0.242842,DSLR,1.30591,-0.00084,-0.926938
1.71778,2.59519,1.28092,2.22214,3.05298,1.39533,0.514341,DSLR,0.45779,0.11441,-1.707799
1.6907,2.20253,1.48966,2.0728,3.01361,1.30089,0.257784,Mobile,0.81108,-0.18877,-1.815016
1.63576,2.38631,1.48439,1.72803,3.22106,1.29257,0.384808,Film,0.83475,-0.19182,-1.343222
1.75441,4.06609,1.42123,2.09799,3.27363,1.53213,0.466878,Mobile,-0.79246,0.1109,-1.631112
1.82091,2.19771,1.53428,1.89975,2.98717,1.36374,0.37622,Mobile,0.78946,-0.17054,-1.52353
1.68228,1.73378,1.47441,2.088,2.98864,1.58147,0.336576,Mobile,1.25486,0.10706,-1.751424
1.73065,1.59167,1.3468,1.40623,2.901,1.32649,0.182617,Mobile,1.30933,-0.02031,-1.223613
1.79128,1.98097,1.34606,1.27814,2.9968,1.35992,0.0245003,Mobile,1.01583,0.01386,-1.2536397
1.84399,3.62522,1.52267,1.95715,3.03947,1.37212,0.0901822,Mobile,-0.58575,-0.15055,-1.8669678
1.50554,4.1696,1.25379,1.91638,2.70154,1.25109,0.54752,Mobile,-1.46806,-0.0027,-1.36886
1.55402,2.23821,1.25934,1.503,3.12211,1.4848,0.0656087,Mobile,0.8839,0.22546,-1.4373913
1.63347,3.91828,1.26065,1.93759,2.71639,1.5715,0.435383,Mobile,-1.20189,0.31085,-1.502207
1.68391,2.09278,1.46878,1.5159,2.95573,1.30225,0.00789209,DSLR,0.86295,-0.16653,-1.50800791
1.69448,1.62282,1.51153,1.94462,2.76726,1.51598,0.101132,DSLR,1.14444,0.00445,-1.843488
1.68791,4.69533,1.41961,1.1816,2.73961,1.4554,0.545195,Film,-1.95572,0.03579,-0.636405
1.50242,1.56801,1.23523,1.23638,2.93336,1.42586,0.259651,Mobile,1.36535,0.19063,-0.976729
1.51897,2.52213,1.33852,2.31728,3.06254,1.52438,0.457704,Mobile,0.54041,0.18586,-1.859576
1.73259,1.75231,1.43252,1.36666,2.80815,1.21726,0.225391,DSLR,1.05584,-0.21526,-1.141269
1.67641,3.94202,1.30345,1.50964,2.92275,1.54835,0.308176,Mobile,-1.01927,0.2449,-1.201464
1.6871,1.72485,1.45514,1.24362,3.06124,1.20692,0.420698,Film,1.33639,-0.24822,-0.822922
1.68094,1.70442,1.27372,1.10149,2.80238,1.42696,0.560942,Mobile,1.09796,0.15324,-0.540548
1.62175,4.48522,1.43678,2.05551,2.78299,1.37336,0.525913,Mobile,-1.70223,-0.06342,-1.529597
1.69904,4.3762,1.48437,2.1034,2.72728,1.55047,0.170843,DSLR,-1.64892,0.0661,-1.932557
1.7672,2.51174,1.61173,1.52983,3.09252,1.29058,0.00260018,Mobile,0.58078,-0.32115,-1.52722982
1.64567,3.96904,1.32499,1.24644,2.94378,1.39642,0.123453,Mobile,-1.02526,0.07143,-1.122987
1.62177,4.86906,1.35655,1.1018,3.19087,1.57202,0.220997,Mobile,-1.67819,0.21547,-0.880803
1.74816,3.96757,1.49163,1.80818,3.14329,1.43013,0.507657,DSLR,-0.82428,-0.0615,-1.300523
1.68988,1.85394,1.53121,1.7639,2.94011,1.462,0.52302,Mobile,1.08617,-0.06921,-1.24088
1.76906,3.60849,1.45338,2.09119,3.06646,1.4467,0.401892,DSLR,-0.54203,-0.00668,-1.689298
1.67814,3.56582,1.28221,2.0653,2.95009,1.41256,0.0519852,Mobile,-0.61573,0.13035,-2.0133148
1.48765,3.95964,1.19814,2.39972,2.81769,1.49183,0.555339,Mobile,-1.14195,0.29369,-1.844381
1.74085,1.82754,1.3854,1.40372,3.0537,1.28272,0.0806421,DSLR,1.22616,-0.10268,-1.3230779
1.71571,4.12928,1.51427,1.33063,2.72152,1.29905,0.145189,Film,-1.40776,-0.21522,-1.185441
1.72796,4.55745,1.50701,1.60904,2.75208,1.39809,0.0682089,Mobile,-1.80537,-0.10892,-1.5408311
1.64557,4.50909,1.43543,1.46759,2.85204,1.58097,0.191607,Mobile,-1.65705,0.14554,-1.275983
1.75672,2.21348,1.54428,1.589,2.71113,1.50794,0.178057,DSLR,0.49765,-0.03634,-1.410943
1.83317,2.44346,1.64637,2.21493,3.2666,1.5117,0.110947,DSLR,0.82314,-0.13467,-2.103983
1.8323,3.72699,1.63003,2.18957,3.0903,1.27763,0.487277,DSLR,-0.63669,-0.3524,-1.702293
1.73703,3.50641,1.38746,2.33476,3.27508,1.33848,0.589288,Mobile,-0.23133,-0.04898,-1.745472
1.62872,3.44385,1.38077,1.55037,3.18497,1.35358,0.0191717,Mobile,-0.25888,-0.02719,-1.5311983
1.56768,1.89898,1.40778,1.23507,3.17596,1.25947,0.456844,Mobile,1.27698,-0.14831,-0.778226
1.74405,4.50042,1.59338,1.20663,2.9641,1.43839,0.230171,Mobile,-1.53632,-0.15499,-0.976459
1.69074,1.90211,1.51415,1.59232,3.19043,1.50558,0.145024,Mobile,1.28832,-0.00857,-1.447296
1.68305,2.35885,1.3869,1.71189,3.18367,1.21362,0.482113,Mobile,0.82482,-0.17328,-1.229777
1.73221,4.15709,1.54402,2.12349,3.02574,1.5636,0.00701316,Mobile,-1.13135,0.01958,-2.11647684
1.61572,2.84879,1.37923,1.96378,2.85771,1.34783,0.331468,Film,0.00892,-0.0314,-1.632312
1.8077,2.25784,1.46312,1.548,2.79923,1.47837,0.0833155,Mobile,0.54139,0.01525,-1.4646845
1.55203,1.41549,1.32676,1.22001,2.76812,1.22714,0.366625,DSLR,1.35263,-0.09962,-0.853385
1.72006,4.26934,1.47619,1.45028,2.75402,1.57126,0.393506,Mobile,-1.51532,0.09507,-1.056774
1.63191,2.34877,1.47709,2.06507,2.99411,1.44599,0.224366,Mobile,0.64534,-0.0311,-1.840704
1.53246,4.44019,1.20002,1.37693,3.09785,1.51259,0.535343,Mobile,-1.34234,0.31257,-0.841587
1.69139,4.67208,1.4033,1.37707,3.14313,1.2956,0.516959,Mobile,-1.52895,-0.1077,-0.860111
1.66895,4.11204,1.4819,2.03736,3.1961,1.48543,0.0726035,Mobile,-0.91594,0.00353,-1.9647565
1.72119,4.14095,1.49757,1.97268,2.86392,1.28755,0.101004,DSLR,-1.27703,-0.21002,-1.871676
1.80213,3.64181,1.59972,1.94978,3.25049,1.57832,0.292904,Film,-0.39132,-0.0214,-1.656876
1.74497,4.03098,1.57673,1.89443,2.9236,1.35,0.219422,Mobile,-1.10738,-0.22673,-1.675008
1.57898,2.22112,1.33962,1.32923,2.89446,1.34441,0.416395,Mobile,0.67334,0.00479,-0.912835
1.6497,4.59641,1.2628,1.53143,3.2293,1.53412,0.347545,Mobile,-1.36711,0.27132,-1.183885
1.59102,4.54859,1.3109,1.28995,2.8368,1.26455,0.237349,DSLR,-1.71179,-0.04635,-1.052601
1.64249,1.98682,1.43295,1.98016,2.87617,1.46807,0.274996,Mobile,0.88935,0.03512,-1.705164
1.69827,2.61336,1.46287,2.16472,2.78418,1.25165,0.478982,Mobile,0.17082,-0.21122,-1.685738
1.72135,1.64572,1.30406,1.29994,2.80287,1.39632,0.454244,DSLR,1.15715,0.09226,-0.845696
1.71756,4.1959,1.48052,1.97125,2.9747,1.53407,0.243464,Mobile,-1.2212,0.05355,-1.727786
1.69709,3.81939,1.29364,1.63658,2.9355,1.44144,0.147093,Mobile,-0.88389,0.1478,-1.489487
1.84637,4.54707,1.44523,1.21157,3.15285,1.45534,0.237989,DSLR,-1.39422,0.01011,-0.973581
1.72949,3.9785,1.49549,2.22435,2.80168,1.52612,0.400757,Mobile,-1.17682,0.03063,-1.823593
1.77435,4.12062,1.54975,1.53245,2.71782,1.52792,0.358348,Mobile,-1.4028,-0.02183,-1.174102
1.71385,2.00594,1.29372,1.74975,2.89567,1.39288,0.584143,Film,0.88973,0.09916,-1.165607
1.60377,1.48967,1.43868,1.17678,3.07585,1.47813,0.310996,DSLR,1.58618,0.03945,-0.865784
1.64664,4.40815,1.4644,1.76208,3.176,1.55887,0.316196,Mobile,-1.23215,0.09447,-1.445884
1.5411,1.4225,1.34325,1.24168,2.72831,1.22025,0.255348,Mobile,1.30581,-0.123,-0.986332
1.62351,1.86062,1.33893,1.59489,3.17664,1.44339,0.317203,Mobile,1.31602,0.10446,-1.277687
1.65074,1.30713,1.36927,1.25304,2.92651,1.49684,0.546879,Mobile,1.61938,0.12757,-0.706161
1.72311,3.97927,1.52191,1.35564,3.11326,1.50556,0.21435,Mobile,-0.86601,-0.01635,-1.14129
1.68239,2.26059,1.30254,1.78583,3.02447,1.523,0.562993,Mobile,0.76388,0.22046,-1.222837
1.69304,2.02035,1.53092,1.66533,3.26559,1.22952,0.0327952,Mobile,1.24524,-0.3014,-1.6325348
1.52088,2.10468,1.14381,1.13206,2.7612,1.57212,0.492257,Mobile,0.65652,0.42831,-0.639803
1.73726,1.44284,1.43176,1.25808,2.81706,1.39503,0.403778,DSLR,1.37422,-0.03673,-0.854302
1.65941,4.48672,1.40838,1.29091,3.20334,1.44045,0.0688131,DSLR,-1.28338,0.03207,-1.2220969
1.66228,2.88099,1.49753,1.58987,3.23344,1.27045,0.420368,DSLR,0.35245,-0.22708,-1.169502
1.57945,4.24878,1.14029,1.11063,3.17959,1.52814,0.532853,Mobile,-1.06919,0.38785,-0.577777
1.79846,2.17251,1.40972,1.418,2.96095,1.56611,0.172985,DSLR,0.78844,0.15639,-1.245015
1.56648,4.59089,1.41611,1.16439,2.73838,1.47408,0.198364,DSLR,-1.85251,0.05797,-0.966026
1.65899,3.72769,1.37656,1.38459,2.92609,1.3852,0.295029,DSLR,-0.8016,0.00864,-1.089561
1.72108,4.54744,1.43921,1.37935,3.25968,1.48228,0.10994,Mobile,-1.28776,0.04307,-1.26941
1.6689,3.83383,1.33337,1.14538,3.01737,1.20983,0.150627,Mobile,-0.81646,-0.12354,-0.994753
1.748,4.37316,1.5008,1.74754,3.15225,1.2771,0.569073,DSLR,-1.22091,-0.2237,-1.178467
1.62571,4.21282,1.23754,1.19295,3.03103,1.35984,0.195233,Mobile,-1.18179,0.1223,-0.997717
1.74654,4.09217,1.42633,1.13692,2.76801,1.42485,0.211823,Mobile,-1.32416,-0.00148,-0.925097
1.75595,4.62711,1.46998,1.26199,3.26158,1.56163,0.540617,DSLR,-1.36553,0.09165,-0.721373
1.78212,2.06057,1.39176,1.46336,3.06423,1.55931,0.0190436,Mobile,1.00366,0.16755,-1.4443164
1.79529,1.84599,1.57663,1.42028,3.21853,1.46471,0.0553728,DSLR,1.37254,-0.11192,-1.3649072
1.75913,1.15073,1.52899,1.13812,3.24494,1.44871,0.540031,Mobile,2.09421,-0.08028,-0.598089
1.81876,1.76493,1.65469,2.12682,3.25056,1.34346,0.0322459,Mobile,1.48563,-0.31123,-2.0945741
1.63657,4.40472,1.43869,1.65416,2.9131,1.4416,0.111185,Mobile,-1.49162,0.00291,-1.542975
1.74263,2.38789,1.55927,1.99245,2.75821,1.22149,0.553508,Mobile,0.37032,-0.33778,-1.438942
1.71103,1.12222,1.31062,1.24306,3.16455,1.42901,0.350932,Mobile,2.04233,0.11839,-0.892128
1.7481,3.70873,1.52285,1.36679,2.77687,1.25609,0.185473,Film,-0.93186,-0.26676,-1.181317
1.77807,4.34434,1.59666,1.32342,3.15472,1.26076,0.31193,Mobile,-1.18962,-0.3359,-1.01149
1.7333,4.63521,1.56019,1.27776,3.01041,1.22052,0.333921,Mobile,-1.6248,-0.33967,-0.943839
1.67913,2.69665,1.36553,1.79764,2.77002,1.35287,0.572057,Film,0.07337,-0.01266,-1.225583
1.78531,3.91466,1.42597,1.48009,2.89767,1.52124,0.290909,DSLR,-1.01699,0.09527,-1.189181
1.81524,3.80128,1.4695,1.99062,3.13458,1.22416,0.445235,Mobile,-0.6667,-0.24534,-1.545385
1.74611,4.13113,1.53521,1.27815,2.79249,1.58794,0.50491,Film,-1.33864,0.05273,-0.77324
1.64265,4.57,1.21952,1.8137,2.98369,1.49906,0.5935,Film,-1.58631,0.27954,-1.2202
1.73669,3.45749,1.4221,1.83792,2.83851,1.2737,0.105087,Mobile,-0.61898,-0.1484,-1.732833
1.78616,4.39728,1.50378,1.67063,3.03561,1.51441,0.221418,Mobile,-1.36167,0.01063,-1.449212
1.67745,3.57811,1.42257,1.53053,2.8204,1.50279,0.21131,Mobile,-0.75771,0.08022,-1.31922
1.72761,1.77483,1.44015,1.49632,3.19224,1.26767,0.5343,DSLR,1.41741,-0.17248,-0.96202
1.76981,2.16633,1.39331,1.13973,2.97229,1.40363,0.26064,Mobile,0.80596,0.01032,-0.87909
1.82087,3.72876,1.58379,1.85974,2.90076,1.44401,0.0411267,DSLR,-0.828,-0.13978,-1.8186133
1.72747,3.41762,1.571,1.66303,3.02499,1.36438,0.0822352,DSLR,-0.39263,-0.20662,-1.5807948
1.60349,2.36977,1.4503,2.08127,2.70679,1.45983,0.583941,Mobile,0.33702,0.00953,-1.497329
1.78719,2.29388,1.46346,1.63965,3.07311,1.24872,0.351335,Film,0.77923,-0.21474,-1.288315
1.72499,4.35544,1.54745,1.23857,2.9307,1.26012,0.0742515,Mobile,-1.42474,-0.28733,-1.1643185
1.60458,3.55842,1.39489,1.46353,2.94337,1.2093,0.353752,DSLR,-0.61505,-0.18559,-1.109778
1.53172,4.35849,1.27774,1.7919,2.89818,1.20737,0.418665,DSLR,-1.46031,-0.07037,-1.373235
1.71508,2.28039,1.3855,1.11045,3.04529,1.53631,0.0923246,DSLR,0.7649,0.15081,-1.0181254
1.73806,3.55042,1.57825,1.82189,3.25642,1.39921,0.0137699,Mobile,-0.294,-0.17904,-1.8081201
1.74838,1.66825,1.59549,1.37275,2.78549,1.37872,0.266372,Mobile,1.11724,-0.21677,-1.106378
1.76202,1.96119,1.52352,1.24999,2.80697,1.55257,0.492917,Film,0.84578,0.02905,-0.757073
1.81306,3.99669,1.59655,1.21847,3.12716,1.57566,0.555321,DSLR,-0.86953,-0.02089,-0.663149
1.6583,3.41098,1.21635,1.9281,3.18689,1.59172,0.104703,Mobile,-0.22409,0.37537,-1.823397
1.60448,1.84476,1.38614,1.30071,2.77535,1.43551,0.537962,Film,0.93059,0.04937,-0.762748
1.61154,4.13548,1.46077,1.26949,3.22877,1.27771,0.405756,Mobile,-0.90671,-0.18306,-0.863734
1.70444,2.3676,1.42176,1.59826,2.97003,1.50007,0.0786279,Mobile,0.60243,0.07831,-1.5196321
1.74975,4.19247,1.40314,1.7759,2.93176,1.41677,0.447963,Film,-1.26071,0.01363,-1.327937
1.77982,4.34606,1.48926,1.4674,3.16754,1.33145,0.511191,Mobile,-1.17852,-0.15781,-0.956209
1.83837,4.57806,1.57701,1.74364,3.07419,1.38493,0.342235,Film,-1.50387,-0.19208,-1.401405
1.84871,3.78088,1.64001,1.25833,3.19211,1.55912,0.452467,Mobile,-0.58877,-0.08089,-0.805863
1.50777,2.66742,1.2632,1.1048,2.99904,1.50686,0.379351,Mobile,0.33162,0.24366,-0.725449
1.59216,4.01997,1.41907,1.13474,3.13855,1.22448,0.176244,DSLR,-0.88142,-0.19459,-0.958496
1.45244,2.44876,1.17108,1.63349,3.00417,1.42579,0.189831,Mobile,0.55541,0.25471,-1.443659
1.81074,1.97474,1.51285,1.32037,2.8073,1.26084,0.578997,Mobile,0.83256,-0.25201,-0.741373
1.51474,1.99978,1.2106,1.56552,3.06763,1.40256,0.323411,Film,1.06785,0.19196,-1.242109
1.68264,3.86051,1.33249,1.42941,2.75325,1.54579,0.468581,Film,-1.10726,0.2133,-0.960829
1.72091,1.86082,1.31552,1.71684,3.14009,1.28098,0.529868,Mobile,1.27927,-0.03454,-1.186972
1.68177,3.64913,1.38512,1.65889,2.7293,1.5639,0.407514,Mobile,-0.91983,0.17878,-1.251376
1.76443,1.65574,1.54854,1.24302,2.73512,1.25714,0.122282,Mobile,1.07938,-0.2914,-1.120738
1.51917,1.31559,1.15391,1.35405,3.2063,1.31702,0.041438,DSLR,1.89071,0.16311,-1.312612
1.83872,4.52319,1.50011,1.18127,3.24889,1.5901,0.103842,DSLR,-1.2743,0.08999,-1.077428
1.63233,2.05248,1.48197,1.389,2.7503,1.31975,0.144658,DSLR,0.69782,-0.16222,-1.244342
1.48552,4.46136,1.24355,1.27557,2.94035,1.39139,0.439741,Mobile,-1.52101,0.14784,-0.835829
1.71698,2.06862,1.40763,1.35535,2.93848,1.51754,0.51359,DSLR,0.86986,0.10991,-0.84176
1.7989,1.40766,1.62197,1.6234,3.00325,1.23118,0.554991,Mobile,1.59559,-0.39079,-1.068409
1.71195,3.82452,1.54983,1.72674,2.79503,1.56493,0.139476,Mobile,-1.02949,0.0151,-1.587264
1.7053,1.7226,1.38047,1.28895,3.26113,1.2981,0.0399548,Mobile,1.53853,-0.08237,-1.2489952
1.56815,2.55187,1.37141,1.99288,2.82818,1.50152,0.391913,Mobile,0.27631,0.13011,-1.600967
1.78632,1.23008,1.52411,1.24095,2.91673,1.45056,0.444429,DSLR,1.68665,-0.07355,-0.796521
1.66866,4.30588,1.30698,1.26663,3.04963,1.26308,0.243684,DSLR,-1.25625,-0.0439,-1.022946
1.57885,2.06539,1.32538,1.8085,2.88683,1.29696,0.34152,Mobile,0.82144,-0.02842,-1.46698
1.54132,3.45987,1.31622,1.68952,3.05773,1.2652,0.469185,Mobile,-0.40214,-0.05102,-1.220335
1.82562,4.08067,1.66044,1.46763,2.95396,1.44241,0.142882,Mobile,-1.12671,-0.21803,-1.324748
1.62204,3.96449,1.32386,1.88537,2.96551,1.29729,0.446718,Mobile,-0.99898,-0.02657,-1.438652
1.80459,4.17357,1.42987,1.45233,2.8661,1.23912,0.446278,Mobile,-1.30747,-0.19075,-1.006052
1.61882,2.04851,1.21917,1.7682,3.05489,1.56406,0.296585,Mobile,1.00638,0.34489,-1.471615
1.72868,1.65031,1.29452,1.20406,3.01576,1.37851,0.196826,Mobile,1.36545,0.08399,-1.007234
1.67522,1.78864,1.45367,1.17919,2.73831,1.51223,0.385925,DSLR,0.94967,0.05856,-0.793265
1.57823,3.36684,1.27358,2.01899,3.02949,1.46192,0.0432325,Mobile,-0.33735,0.18834,-1.9757575
1.71553,2.59285,1.42771,1.63471,2.70916,1.47994,0.131474,Mobile,0.11631,0.05223,-1.503236
1.80745,3.82338,1.49094,2.03328,2.89933,1.28793,0.370067,DSLR,-0.92405,-0.20301,-1.663213
1.72125,3.94717,1.41602,1.67859,3.06183,1.20626,0.131803,DSLR,-0.88534,-0.20976,-1.546787
1.64441,3.49635,1.42572,1.84968,3.18715,1.59355,0.587567,DSLR,-0.3092,0.16783,-1.262113
1.78231,3.9619,1.40245,2.10517,3.06329,1.43835,0.559972,Mobile,-0.89861,0.0359,-1.545198
1.68655,1.85352,1.44454,1.40614,2.93338,1.38669,0.560045,Mobile,1.07986,-0.05785,-0.846095
1.65022,2.18783,1.45208,2.10583,3.15684,1.47378,0.448018,Mobile,0.96901,0.0217,-1.657812
1.56307,4.77703,1.21801,1.52414,3.20136,1.20775,0.554332,Film,-1.57567,-0.01026,-0.969808
1.83477,1.48813,1.50143,1.36829,2.87961,1.27555,0.394586,Mobile,1.39148,-0.22588,-0.973704
1.76035,4.04724,1.36497,1.21308,2.88827,1.45745,0.589233,Mobile,-1.15897,0.09248,-0.623847
1.51051,1.81359,1.28341,1.4995,3.07507,1.39725,0.126658,DSLR,1.26148,0.11384,-1.372842
1.70927,2.38863,1.55868,2.27146,3.13438,1.52857,0.367541,Film,0.74575,-0.03011,-1.903919
1.71859,1.92274,1.44347,1.61227,3.08149,1.35579,0.0470229,Mobile,1.15875,-0.08768,-1.5652471
1.67552,3.27464,1.3061,1.88728,2.76125,1.27923,0.071633,DSLR,-0.51339,-0.02687,-1.815647
1.66642,1.94926,1.50183,1.1951,3.07809,1.28948,0.598407,Mobile,1.12883,-0.21235,-0.596693
1.75829,1.32201,1.59064,1.69372,2.87092,1.38492,0.204059,Film,1.54891,-0.20572,-1.489661
1.64881,4.38442,1.23699,1.8357,2.86963,1.53851,0.175677,DSLR,-1.51479,0.30152,-1.660023
1.6581,1.8296,1.35288,1.49674,3.0365,1.30705,0.154161,DSLR,1.2069,-0.04583,-1.342579
1.73114,1.65752,1.55015,1.15819,3.09118,1.3858,0.41753,DSLR,1.43366,-0.16435,-0.74066
1.74729,4.22352,1.57703,1.55839,3.01598,1.41534,0.272396,Mobile,-1.20754,-0.16169,-1.285994
1.71824,2.25323,1.46868,2.20778,3.11368,1.59543,0.408374,Mobile,0.86045,0.12675,-1.799406
1.73259,2.42602,1.55005,2.29998,3.22038,1.20166,0.532981,Mobile,0.79436,-0.34839,-1.766999
1.74557,1.76676,1.42953,2.16063,2.83233,1.58622,0.0222846,Mobile,1.06557,0.15669,-2.1383454
1.57009,4.85479,1.36264,1.5001,2.86731,1.32272,0.566729,Mobile,-1.98748,-0.03992,-0.933371
1.6904,4.62073,1.43367,1.26264,3.21842,1.4779,0.539976,Mobile,-1.40231,0.04423,-0.722664
1.7156,2.10006,1.45577,1.85045,2.85149,1.40922,0.144932,Mobile,0.75143,-0.04655,-1.705518
1.57518,3.94213,1.41014,1.47495,3.21606,1.44764,0.569897,DSLR,-0.72607,0.0375,-0.905053
1.71424,4.35738,1.38776,1.21489,3.26321,1.3789,0.0957122,Mobile,-1.09417,-0.00886,-1.1191778
1.81903,1.691,1.57915,1.56493,2.86528,1.43395,0.00509049,DSLR,1.17428,-0.1452,-1.55983951
1.61573,2.33024,1.35973,1.90158,3.18601,1.39095,0.333995,DSLR,0.85577,0.03122,-1.567585
1.7706,1.41161,1.49883,1.22214,3.03233,1.22603,0.446736,DSLR,1.62072,-0.2728,-0.775404
1.56615,2.63362,1.26876,2.11487,2.90512,1.37941,0.386474,Mobile,0.2715,0.11065,-1.728396
1.50585,2.09908,1.16152,2.26604,3.22879,1.57555,0.425733,Mobile,1.12971,0.41403,-1.840307
1.63203,1.93579,1.24755,1.40117,2.95758,1.30287,0.292666,DSLR,1.02179,0.05532,-1.108504
1.76111,1.39701,1.49255,1.5141,2.90051,1.56865,0.253554,Mobile,1.5035,0.0761,-1.260546
1.68946,4.69183,1.45219,1.36252,3.15532,1.44816,0.0634663,DSLR,-1.53651,-0.00403,-1.2990537
1.81509,4.76417,1.53905,1.43162,2.86786,1.29571,0.433863,DSLR,-1.89631,-0.24334,-0.997757
1.66661,2.27813,1.30688,1.91744,3.21273,1.52545,0.378362,Mobile,0.9346,0.21857,-1.539078
1.65603,4.24007,1.36884,1.74623,3.29824,1.45615,0.0655721,Mobile,-0.94183,0.08731,-1.6806579
1.69382,3.84887,1.50634,1.57261,2.70954,1.49214,0.302426,DSLR,-1.13933,-0.0142,-1.270184
1.60019,2.62039,1.40491,1.89498,3.29231,1.33583,0.169231,Film,0.67192,-0.06908,-1.725749
1.79032,2.21026,1.46494,1.48569,3.22084,1.24331,0.104758,DSLR,1.01058,-0.22163,-1.380932
1.80412,3.91404,1.42132,2.36701,3.26528,1.59485,0.36765,Mobile,-0.64876,0.17353,-1.99936
1.81672,1.3473,1.44097,1.58688,3.14467,1.30601,0.159142,Film,1.79737,-0.13496,-1.427738
1.64954,3.99597,1.37184,2.05758,3.20418,1.30271,0.4519,Mobile,-0.79179,-0.06913,-1.60568
1.75305,2.38881,1.52244,1.27396,3.05939,1.27492,0.408356,DSLR,0.67058,-0.24752,-0.865604
1.69352,2.3654,1.52211,1.97034,2.78256,1.2589,0.0644185,DSLR,0.41716,-0.26321,-1.9059215
1.73671,4.16234,1.3928,1.21795,3.14132,1.32694,0.373565,Mobile,-1.02102,-0.06586,-0.844385
1.83656,1.81871,1.63527,1.10074,3.01416,1.43587,0.229896,Mobile,1.19545,-0.1994,-0.870844
1.72498,4.1121,1.56331,1.46097,3.27414,1.55227,0.589727,DSLR,-0.83796,-0.01104,-0.871243
1.77065,2.56733,1.42284,1.91212,2.826,1.38244,0.565539,Mobile,0.25867,-0.0404,-1.346581
1.7903,4.30256,1.62269,1.79571,2.98159,1.23919,0.0485427,DSLR,-1.32097,-0.3835,-1.7471673
1.70337,3.80952,1.40448,1.66141,2.8331,1.42464,0.101938,Mobile,-0.97642,0.02016,-1.559472
1.73301,3.63022,1.54823,1.32403,2.81419,1.25053,0.129991,Mobile,-0.81603,-0.2977,-1.194039
1.73534,4.26386,1.44958,1.43777,3.09537,1.50183,0.345695,DSLR,-1.16849,0.05225,-1.092075
1.69571,2.06403,1.46586,1.32027,3.12169,1.2288,0.00382702,Mobile,1.05766,-0.23706,-1.31644298
1.68125,2.01506,1.49102,2.12155,2.93826,1.47541,0.515073,Mobile,0.9232,-0.01561,-1.606477
1.69761,3.628,1.49778,1.50081,3.0422,1.56785,0.582275,DSLR,-0.5858,0.07007,-0.918535
1.71348,2.18556,1.40879,1.77788,2.81827,1.34777,0.379937,Mobile,0.63271,-0.06102,-1.397943
1.69353,3.214,1.50111,2.59475,2.83951,1.48835,0.204956,Mobile,-0.37449,-0.01276,-2.389794
1.77062,2.27085,1.50243,1.7693,3.11478,1.2288,0.0372814,Mobile,0.84393,-0.27363,-1.7320186
1.72031,3.15425,1.52241,1.99923,2.81955,1.55487,0.337931,Mobile,-0.3347,0.03246,-1.661299
1.62366,3.85013,1.31156,1.52694,2.82904,1.48759,0.0536332,Film,-1.02109,0.17603,-1.4733068
1.7496,4.17404,1.5417,1.60831,3.15748,1.57158,0.267122,DSLR,-1.01656,0.02988,-1.341188
1.79126,1.62963,1.44899,1.1621,3.27213,1.32683,0.305228,DSLR,1.6425,-0.12216,-0.856872
1.63984,3.34694,1.28006,1.35611,3.26651,1.39457,0.268239,Mobile,-0.08043,0.11451,-1.087871
1.68344,2.17043,1.27126,1.83632,2.92259,1.41734,0.347819,Mobile,0.75216,0.14608,-1.488501
1.75056,3.5486,1.52379,2.13152,3.23994,1.59807,0.034077,Mobile,-0.30866,0.07428,-2.097443
1.64173,3.95496,1.33748,2.16689,2.93544,1.23016,0.246815,Mobile,-1.01952,-0.10732,-1.920075
1.78548,3.37569,1.5484,2.09302,2.99728,1.53191,0.44051,Mobile,-0.37841,-0.01649,-1.65251
1.5325,4.06207,1.16825,1.40597,2.8834,1.50403,0.499252,DSLR,-1.17867,0.33578,-0.906718
1.73562,1.73069,1.45402,1.65527,2.86604,1.30801,0.232166,DSLR,1.13535,-0.14601,-1.423104
1.78281,1.97706,1.61697,1.65945,3.212,1.28521,0.578887,Mobile,1.23494,-0.33176,-1.080563
1.72351,4.37051,1.29103,1.88117,3.03033,1.25341,0.50969,DSLR,-1.34018,-0.03762,-1.37148
1.71676,1.76723,1.33252,1.83685,2.98937,1.57779,0.135502,Mobile,1.22214,0.24527,-1.701348
1.67732,4.5454,1.48903,1.84005,3.17733,1.36683,0.199042,DSLR,-1.36807,-0.1222,-1.641008
1.77001,4.16228,1.58053,1.50656,2.83254,1.44138,0.579894,Mobile,-1.32974,-0.13915,-0.926666
1.80393,4.32482,1.42869,1.4286,2.77339,1.51703,0.184704,Mobile,-1.55143,0.08834,-1.243896
1.72302,1.93643,1.53106,1.80407,2.79073,1.37411,0.285324,DSLR,0.8543,-0.15695,-1.518746
1.57908,3.96691,1.17062,1.57663,2.70033,1.31982,0.487698,Mobile,-1.26658,0.1492,-1.088932
1.70994,2.30553,1.45486,1.9384,3.26775,1.41824,0.337547,Mobile,0.96222,-0.03662,-1.600853
1.70433,4.47649,1.27987,1.41973,3.28376,1.23167,0.369848,DSLR,-1.19273,-0.0482,-1.049882
1.70036,3.70739,1.42728,2.3671,2.96395,1.22595,0.26357,DSLR,-0.74344,-0.20133,-2.10353
1.67325,2.10671,1.44758,1.89603,3.04429,1.39698,0.145354,DSLR,0.93758,-0.0506,-1.750676
1.84919,2.84407,1.61755,1.86145,3.11965,1.52274,0.0714499,Mobile,0.27558,-0.09481,-1.7900001
1.84539,1.95603,1.64719,2.14013,2.80326,1.38702,0.181207,Mobile,0.84723,-0.26017,-1.958923
1.72025,4.1862,1.48145,1.29044,3.0407,1.406,0.0314951,Mobile,-1.1455,-0.07545,-1.2589449
1.80262,4.55013,1.45975,1.28481,3.27378,1.36757,0.0673299,Mobile,-1.27635,-0.09218,-1.2174801
1.74298,1.51727,1.409,1.12716,2.78797,1.31631,0.130815,DSLR,1.2707,-0.09269,-0.996345
1.80439,3.89689,1.46103,1.29467,3.16865,1.43311,0.0380688,Mobile,-0.72824,-0.02792,-1.2566012
1.56683,1.73213,1.39763,1.29672,2.81161,1.31879,0.231892,DSLR,1.07948,-0.07884,-1.064828
1.59248,4.73807,1.3577,1.58868,2.75638,1.24484,0.42599,Film,-1.98169,-0.11286,-1.16269
1.46399,3.97831,1.15018,1.51135,3.21158,1.33217,0.467025,Mobile,-0.76673,0.18199,-1.044325
1.84896,3.9316,1.45731,1.80854,3.09653,1.5101,0.0293527,DSLR,-0.83507,0.05279,-1.7791873
1.49514,2.14297,1.34294,2.00859,3.2054,1.34299,0.499197,Mobile,1.06243,5E-05,-1.509393
1.78347,2.31413,1.40978,2.48593,2.88538,1.44075,0.574621,DSLR,0.57125,0.03097,-1.911309
1.65196,2.32297,1.28443,2.25164,2.88487,1.44244,0.181335,Mobile,0.5619,0.15801,-2.070305
1.52712,4.78921,1.32323,1.40461,2.94368,1.3279,0.154949,Mobile,-1.84553,0.00467,-1.249661
1.59887,2.26593,1.36014,1.88777,3.04253,1.32344,0.244673,DSLR,0.7766,-0.0367,-1.643097
1.63501,4.38166,1.26851,1.75594,2.87729,1.5706,0.226325,Mobile,-1.50437,0.30209,-1.529615
1.84607,4.09591,1.58573,1.45323,2.74924,1.4753,0.147606,Mobile,-1.34667,-0.11043,-1.305624
1.66408,3.26553,1.50134,2.81577,2.94215,1.29588,0.0421705,Mobile,-0.32338,-0.20546,-2.7735995
1.74096,3.5603,1.51013,1.53438,3.06435,1.31352,0.116587,Mobile,-0.49595,-0.19661,-1.417793
1.6198,4.42599,1.20386,1.68167,2.84469,1.50776,0.108017,Film,-1.5813,0.3039,-1.573653
1.62334,3.95088,1.38185,1.66502,2.75938,1.28228,0.309806,DSLR,-1.1915,-0.09957,-1.355214
1.7284,1.81462,1.34844,1.59334,2.70934,1.50258,0.537211,DSLR,0.89472,0.15414,-1.056129
1.61816,3.79168,1.31511,1.56819,2.83682,1.36717,0.535362,DSLR,-0.95486,0.05206,-1.032828
1.57379,2.56477,1.33362,2.47967,2.74371,1.48834,0.289187,Mobile,0.17894,0.15472,-2.190483
1.67487,4.23744,1.3628,1.72835,2.72479,1.45538,0.0548051,Film,-1.51265,0.09258,-1.6735449
1.78535,3.24889,1.44871,2.00231,3.23335,1.34535,0.57138,Mobile,-0.01554,-0.10336,-1.43093
1.59716,4.16621,1.37479,1.11478,3.12952,1.58121,0.30369,DSLR,-1.03669,0.20642,-0.81109
1.57573,4.44188,1.32317,1.36718,3.19684,1.26588,0.385925,Mobile,-1.24504,-0.05729,-0.981255
1.66582,3.96691,1.4982,1.70938,3.2261,1.49422,0.459957,Film,-0.74081,-0.00398,-1.249423
1.63489,1.80722,1.30128,1.55028,2.9329,1.41011,0.102707,Mobile,1.12568,0.10883,-1.447573
1.46036,4.45109,1.23023,1.24024,2.9695,1.58744,0.0917386,Mobile,-1.48159,0.35721,-1.1485014
1.63044,1.81214,1.37407,2.1195,2.79038,1.51607,0.439778,Mobile,0.97824,0.142,-1.679722
1.76059,2.64559,1.35897,2.28772,3.00651,1.42331,0.0157292,DSLR,0.36092,0.06434,-2.2719908
1.71163,4.56122,1.54061,1.40321,2.79267,1.20095,0.132279,Mobile,-1.76855,-0.33966,-1.270931
1.72039,4.26425,1.50317,1.14875,2.77024,1.49483,0.597308,Mobile,-1.49401,-0.00834,-0.551442
1.64256,4.03641,1.32761,1.57362,3.24743,1.49137,0.0716514,Mobile,-0.78898,0.16376,-1.5019686
1.61849,1.78549,1.39164,1.81657,3.03824,1.25921,0.0235298,Mobile,1.25275,-0.13243,-1.7930402
1.70726,1.62281,1.40386,1.28279,3.1734,1.51989,0.395593,Film,1.55059,0.11603,-0.887197
1.78582,1.62496,1.49472,1.27185,2.73552,1.48181,0.180877,DSLR,1.11056,-0.01291,-1.090973
1.63453,2.66573,1.32079,1.83266,3.27513,1.32571,0.110746,Mobile,0.6094,0.00492,-1.721914
1.73057,3.59559,1.51064,1.99204,2.86385,1.52768,0.468105,Mobile,-0.73174,0.01704,-1.523935
1.72549,4.00154,1.46808,1.58935,3.09697,1.49652,0.128965,Mobile,-0.90457,0.02844,-1.460385
1.75412,2.0534,1.40605,1.63735,3.13835,1.23831,0.376,DSLR,1.08495,-0.16774,-1.26135
1.55829,4.20993,1.33389,1.23061,3.28768,1.38929,0.0984222,Mobile,-0.92225,0.0554,-1.1321878
1.76099,1.57654,1.6097,1.29148,3.01275,1.23091,0.165386,Mobile,1.43621,-0.37879,-1.126094
1.71077,1.81206,1.49101,1.42355,3.2067,1.46768,0.111039,Mobile,1.39464,-0.02333,-1.312511
1.63325,3.85526,1.37935,2.28589,2.87478,1.25805,0.07416,DSLR,-0.98048,-0.1213,-2.21173
1.60213,3.44623,1.21601,1.8734,3.00374,1.49309,0.0671651,Mobile,-0.44249,0.27708,-1.8062349
1.73963,4.01183,1.54603,1.45167,3.29247,1.26471,0.585095,Mobile,-0.71936,-0.28132,-0.866575
1.75478,1.81633,1.45378,1.94672,2.80236,1.30724,0.579107,DSLR,0.98603,-0.14654,-1.367613
1.81976,2.1543,1.65422,1.55708,2.893,1.58072,0.585205,Mobile,0.7387,-0.0735,-0.971875
1.67038,2.02202,1.47759,1.54361,2.7193,1.5437,0.594433,Mobile,0.69728,0.06611,-0.949177
1.52647,4.32003,1.21067,1.10393,2.95522,1.28565,0.148375,Mobile,-1.36481,0.07498,-0.955555
1.78532,4.7095,1.56198,1.18854,2.95046,1.40567,0.420515,DSLR,-1.75904,-0.15631,-0.768025
1.57674,4.23392,1.4187,1.57997,3.09706,1.58409,0.572259,Mobile,-1.13686,0.16539,-1.007711
1.65012,3.70966,1.49851,1.89769,2.85513,1.2479,0.531535,Mobile,-0.85453,-0.25061,-1.366155
1.75194,2.1603,1.56863,1.62865,2.73915,1.22828,0.000494409,Mobile,0.57885,-0.34035,-1.628155591
1.68916,1.50669,1.49873,1.44388,3.0693,1.49979,0.0390759,Mobile,1.56261,0.00106,-1.4048041
1.75668,4.46276,1.47507,1.17564,2.92587,1.22628,0.0620747,DSLR,-1.53689,-0.24879,-1.1135653
1.46662,4.3306,1.07179,1.49093,2.97961,1.26748,0.207685,DSLR,-1.35099,0.19569,-1.283245
1.62029,2.08029,1.37724,1.46508,2.78491,1.47237,0.258443,Mobile,0.70462,0.09513,-1.206637
1.72675,3.36903,1.54534,1.46562,2.98917,1.35245,0.0965545,Mobile,-0.37986,-0.19289,-1.3690655
1.59131,1.30359,1.44038,1.40747,3.20707,1.33796,0.330094,DSLR,1.90348,-0.10242,-1.077376
1.45941,3.91467,1.09884,1.74308,2.70624,1.42381,0.508774,DSLR,-1.20843,0.32497,-1.234306
1.80404,3.75299,1.62447,1.23238,3.02691,1.25996,0.533641,Mobile,-0.72608,-0.36451,-0.698739
1.70554,3.62993,1.35941,2.19009,3.28749,1.2822,0.328959,Film,-0.34244,-0.07721,-1.861131
1.81917,4.84644,1.5977,1.1423,3.28599,1.36442,0.260622,DSLR,-1.56045,-0.23328,-0.881678
1.56831,4.02771,1.24086,1.83478,3.26645,1.55253,0.231251,DSLR,-0.76126,0.31167,-1.603529
1.58341,3.65716,1.3693,1.54364,3.05978,1.36269,0.529557,Film,-0.59738,-0.00661,-1.014083
1.70527,1.47029,1.37007,1.51448,3.29905,1.34301,0.237989,Film,1.82876,-0.02706,-1.276491
1.64243,1.46694,1.30991,1.56131,3.02947,1.35789,0.581982,DSLR,1.56253,0.04798,-0.979328
1.56193,1.51003,1.28831,1.29324,3.15706,1.40832,0.111167,Mobile,1.64703,0.12001,-1.182073
1.60123,3.74368,1.29641,1.66298,3.27986,1.39891,0.114353,Mobile,-0.46382,0.1025,-1.548627
1.6856,2.51466,1.41372,1.35664,2.80097,1.55393,0.457466,Mobile,0.28631,0.14021,-0.899174
1.81363,1.77077,1.43635,1.36983,3.10484,1.41966,0.376623,DSLR,1.33407,-0.01669,-0.993207
1.54961,1.91012,1.37449,1.69229,2.86315,1.21953,0.328007,Mobile,0.95303,-0.15496,-1.364283
1.76078,3.98911,1.60005,1.27203,3.10143,1.4009,0.0686667,Film,-0.88768,-0.19915,-1.2033633
1.72777,1.58746,1.48671,1.50362,3.17312,1.57877,0.594708,Film,1.58566,0.09206,-0.908912
1.73489,4.20048,1.54399,2.3497,2.9338,1.39227,0.266408,DSLR,-1.26668,-0.15172,-2.083292
1.6974,2.01845,1.53678,1.64932,3.0556,1.29289,0.483541,Mobile,1.03715,-0.24389,-1.165779
1.65399,3.83337,1.39914,1.98933,2.84832,1.232,0.508097,Film,-0.98505,-0.16714,-1.481233
1.66153,4.16043,1.48169,1.24911,3.23305,1.45583,0.146947,Mobile,-0.92738,-0.02586,-1.102163
1.82651,1.62154,1.55064,1.51085,2.92131,1.20171,0.272652,DSLR,1.29977,-0.34893,-1.238198
1.71878,4.35972,1.56387,1.29808,2.8637,1.46816,0.255824,Mobile,-1.49602,-0.09571,-1.042256
1.58409,1.70305,1.23714,1.32451,2.72014,1.4539,0.58092,DSLR,1.01709,0.21676,-0.74359
1.63079,3.90956,1.32279,1.70857,2.94627,1.37753,0.0928007,Mobile,-0.96329,0.05474,-1.6157693
1.62013,4.19818,1.38778,1.14629,3.15955,1.44962,0.151286,Mobile,-1.03863,0.06184,-0.995004
1.66522,3.77313,1.48958,1.55504,3.02293,1.22286,0.128031,Mobile,-0.7502,-0.26672,-1.427009
1.45883,2.41155,1.29392,1.60083,3.03383,1.24373,0.0407788,Mobile,0.62228,-0.05019,-1.5600512
1.83868,3.91031,1.57018,1.60009,3.01136,1.32016,0.358531,Mobile,-0.89895,-0.25002,-1.241559
1.73068,4.60553,1.52486,1.58614,2.80674,1.45544,0.403082,DSLR,-1.79879,-0.06942,-1.183058
1.81163,4.12054,1.49776,1.6671,3.09753,1.22697,0.392444,Mobile,-1.02301,-0.27079,-1.274656
1.61497,3.24478,1.45244,2.03472,2.7399,1.36131,0.294369,Mobile,-0.50488,-0.09113,-1.740351
1.77088,3.77136,1.52586,2.17961,2.72012,1.3235,0.359575,Mobile,-1.05124,-0.20236,-1.820035
1.83512,4.42346,1.67305,1.45729,3.14113,1.54863,0.358733,DSLR,-1.28233,-0.12442,-1.098557
1.65625,1.72745,1.50218,1.40455,2.97818,1.54752,0.229255,Mobile,1.25073,0.04534,-1.175295
1.7018,4.82576,1.52368,1.17611,2.814,1.36628,0.123948,Mobile,-2.01176,-0.1574,-1.052162
1.53544,4.41584,1.34119,1.34695,3.29282,1.22058,0.216913,Mobile,-1.12302,-0.12061,-1.130037
1.67337,3.74046,1.23258,1.98359,2.88985,1.21084,0.539097,Mobile,-0.85061,-0.02174,-1.444493
1.55323,3.8965,1.15158,1.34622,3.25468,1.3034,0.460579,Film,-0.64182,0.15182,-0.885641
1.63927,4.44091,1.19211,1.12737,3.1233,1.48536,0.485189,Mobile,-1.31761,0.29325,-0.642181
1.65974,1.57651,1.23555,1.43708,2.88813,1.41733,0.248482,DSLR,1.31162,0.18178,-1.188598
1.77344,1.62938,1.33873,1.11184,3.23287,1.46815,0.290213,Mobile,1.60349,0.12942,-0.821627
1.61359,2.08384,1.40826,2.26048,3.26354,1.36999,0.379241,Film,1.1797,-0.03827,-1.881239
1.81617,4.81681,1.63633,1.47991,2.96775,1.52947,0.379644,DSLR,-1.84906,-0.10686,-1.100266
1.7734,1.93333,1.37026,1.75505,3.08862,1.5222,0.535545,Mobile,1.15529,0.15194,-1.219505
1.73795,3.90289,1.56403,1.73991,3.28184,1.53314,0.293637,DSLR,-0.62105,-0.03089,-1.446273
1.54097,4.54401,1.21475,1.16723,2.81069,1.33383,0.0527909,DSLR,-1.73332,0.11908,-1.1144391
1.68551,2.52308,1.3036,2.31266,2.89664,1.26094,0.00254526,DSLR,0.37356,-0.04266,-2.31011474
1.54147,2.41073,1.34831,1.98575,2.86053,1.226,0.564129,DSLR,0.4498,-0.12231,-1.421621
1.66036,2.61663,1.43859,1.8426,2.83402,1.29717,0.351463,Film,0.21739,-0.14142,-1.491137
1.73506,4.14459,1.58387,1.5884,2.76918,1.49735,0.302408,DSLR,-1.37541,-0.08652,-1.285992
1.80436,2.4853,1.5564,1.95739,3.00001,1.41075,0.365435,Mobile,0.51471,-0.14565,-1.591955
1.71325,4.08705,1.44676,1.34335,2.78927,1.43148,0.141435,Mobile,-1.29778,-0.01528,-1.201915
1.79182,2.7432,1.59774,2.07673,2.80124,1.2726,0.246522,Mobile,0.05804,-0.32514,-1.830208
1.76188,1.85145,1.58867,1.60665,2.75171,1.53353,0.356682,DSLR,0.90026,-0.05514,-1.249968
1.57608,4.71029,1.40792,1.44689,3.07492,1.34562,0.593756,Film,-1.63537,-0.0623,-0.853134
1.70631,4.38128,1.47144,1.11753,2.78932,1.233,0.387298,Mobile,-1.59196,-0.23844,-0.730232
1.6992,3.44736,1.51118,2.28906,2.71373,1.58487,0.0775109,Mobile,-0.73363,0.07369,-2.2115491
1.84062,2.14967,1.41465,1.4206,3.0584,1.39058,0.380651,DSLR,0.90873,-0.02407,-1.039949
1.55382,4.18624,1.20307,1.52277,2.867,1.38528,0.0995025,Mobile,-1.31924,0.18221,-1.4232675
1.81456,3.80656,1.60142,1.81224,2.88959,1.5463,0.000402856,DSLR,-0.91697,-0.05512,-1.811837144
1.64872,2.47393,1.49388,2.13237,3.09911,1.21475,0.0692526,Film,0.62518,-0.27913,-2.0631174
1.7289,2.59369,1.43294,1.94669,3.0994,1.24666,0.479659,DSLR,0.50571,-0.18628,-1.467031
1.55947,1.66021,1.28217,1.32248,2.98677,1.36962,0.229035,DSLR,1.32656,0.08745,-1.093445
1.6316,2.07949,1.41155,1.43057,2.89338,1.38813,0.599982,DSLR,0.81389,-0.02342,-0.830588
1.74986,4.44127,1.48165,1.10599,3.13613,1.49055,0.457741,Mobile,-1.30514,0.0089,-0.648249
1.80411,2.33094,1.49692,1.86651,2.8925,1.31455,0.378234,DSLR,0.56156,-0.18237,-1.488276
1.69789,3.42613,1.30176,2.41655,2.90107,1.47586,0.585534,DSLR,-0.52506,0.1741,-1.831016
1.60992,2.05631,1.40826,1.22303,2.71368,1.20596,0.141874,Mobile,0.65737,-0.2023,-1.081156
1.64505,3.80563,1.43165,1.58975,3.18383,1.43022,0.250258,Mobile,-0.6218,-0.00143,-1.339492
1.62534,3.72225,1.27686,2.32148,2.83592,1.49633,0.374078,Mobile,-0.88633,0.21947,-1.947402
1.78437,2.0996,1.55505,2.26413,3.19949,1.28579,0.226765,DSLR,1.09989,-0.26926,-2.037365
1.71572,4.48816,1.34191,1.24555,2.7833,1.25766,0.210266,Mobile,-1.70486,-0.08425,-1.035284
1.56745,2.46517,1.24139,1.96254,3.18523,1.33367,0.260714,Mobile,0.72006,0.09228,-1.701826
1.73366,1.88812,1.51338,1.3086,2.95584,1.28806,0.566894,DSLR,1.06772,-0.22532,-0.741706
1.7643,4.2766,1.60851,1.39176,3.13575,1.50293,0.137754,Mobile,-1.14085,-0.10558,-1.254006
1.60459,4.56151,1.29064,1.96417,2.73994,1.44118,0.183898,Mobile,-1.82157,0.15054,-1.780272
1.73565,1.18273,1.50876,1.19151,2.94628,1.42481,0.219642,Mobile,1.76355,-0.08395,-0.971868
1.7081,1.09894,1.31076,1.11813,2.82909,1.53452,0.162273,Mobile,1.73015,0.22376,-0.955857
1.67536,4.2755,1.36446,1.94426,3.04408,1.51968,0.378344,Film,-1.23142,0.15522,-1.565916
1.77992,1.74938,1.43907,1.21152,3.18651,1.37424,0.477517,Mobile,1.43713,-0.06483,-0.734003
1.63559,4.3611,1.31164,1.30422,3.08992,1.54387,0.159398,Mobile,-1.27118,0.23223,-1.144822
1.61277,1.48314,1.27436,1.15583,2.78083,1.23379,0.450728,DSLR,1.29769,-0.04057,-0.705102
1.8136,2.36015,1.6428,1.48807,3.23073,1.23456,0.30596,Mobile,0.87058,-0.40824,-1.18211
1.63216,1.24725,1.43939,1.45004,2.72607,1.52405,0.45829,DSLR,1.47882,0.08466,-0.99175
1.68641,3.8702,1.49208,2.55525,3.08475,1.48949,0.0743797,Mobile,-0.78545,-0.00259,-2.4808703
1.7648,3.47654,1.47606,2.10622,2.75717,1.39211,0.0614521,DSLR,-0.71937,-0.08395,-2.0447679
1.61435,4.1081,1.36545,1.63522,2.94021,1.51943,0.0731712,DSLR,-1.16789,0.15398,-1.5620488
1.70827,4.25141,1.27194,1.61237,2.87223,1.38692,0.0371715,DSLR,-1.37918,0.11498,-1.5751985
1.67317,3.81186,1.33436,1.16559,2.94909,1.21093,0.256044,DSLR,-0.86277,-0.12343,-0.909546
1.72288,2.52752,1.50998,2.06627,3.07291,1.52837,0.491324,Film,0.54539,0.01839,-1.574946
1.70795,1.99141,1.43962,1.80809,2.99688,1.33655,0.400482,DSLR,1.00547,-0.10307,-1.407608
1.69925,1.7545,1.33381,1.2017,2.83407,1.51806,0.135447,DSLR,1.07957,0.18425,-1.066253
1.67896,1.56715,1.39461,1.50983,3.22989,1.25032,0.503226,DSLR,1.66274,-0.14429,-1.006604
1.62828,2.03073,1.45797,1.21028,2.83404,1.22892,0.308744,Mobile,0.80331,-0.22905,-0.901536
1.78448,3.78582,1.63294,1.91135,3.12121,1.50591,0.0237678,DSLR,-0.66461,-0.12703,-1.8875822
1.76742,1.77521,1.45267,1.11207,2.77647,1.41118,0.225922,Mobile,1.00126,-0.04149,-0.886148
1.56992,1.73552,1.14178,1.58667,3.25655,1.4348,0.00714134,Film,1.52103,0.29302,-1.57952866
1.54413,3.68211,1.17168,2.54904,3.23556,1.55227,0.232624,Mobile,-0.44655,0.38059,-2.316416
1.81124,1.599,1.5241,1.26661,2.92125,1.5223,0.4172,Film,1.32225,-0.0018,-0.84941
1.52837,4.17356,1.12362,1.36606,2.95522,1.22816,0.14951,Film,-1.21834,0.10454,-1.21655
1.69133,4.38817,1.53623,1.23244,3.06985,1.41863,0.31171,Mobile,-1.31832,-0.1176,-0.92073
1.69294,1.35632,1.4521,1.10022,3.13406,1.48366,0.486233,Mobile,1.77774,0.03156,-0.613987
1.83602,3.71405,1.58105,1.95467,2.95907,1.4226,0.390649,DSLR,-0.75498,-0.15845,-1.564021
1.78538,4.36231,1.53191,1.53725,2.92708,1.37888,0.206568,Mobile,-1.43523,-0.15303,-1.330682
1.56287,2.30246,1.40588,1.20513,3.02594,1.47555,0.548546,Film,0.72348,0.06967,-0.656584
1.70132,1.57592,1.53522,1.40266,3.09536,1.4399,0.0260567,Mobile,1.51944,-0.09532,-1.3766033
1.63191,1.59558,1.31191,1.21173,2.89205,1.50289,0.362542,Mobile,1.29647,0.19098,-0.849188
1.79445,1.31685,1.44006,1.18409,3.23511,1.55069,0.12327,Mobile,1.91826,0.11063,-1.06082
1.51662,3.63084,1.26609,1.20335,2.87515,1.54081,0.547209,Mobile,-0.75569,0.27472,-0.656141
1.73424,1.8991,1.54475,1.36723,2.91719,1.42393,0.0458693,Mobile,1.01809,-0.12082,-1.3213607
1.4952,1.40783,1.16102,1.23843,3.28947,1.48567,0.107358,Mobile,1.88164,0.32465,-1.131072
1.73205,2.50163,1.2847,1.48439,2.96862,1.58831,0.4931,DSLR,0.46699,0.30361,-0.99129
1.68718,3.4506,1.33734,2.30405,2.71593,1.30345,0.420331,Mobile,-0.73467,-0.03389,-1.883719
1.70484,4.2734,1.46926,1.33302,2.82686,1.4296,0.355455,DSLR,-1.44654,-0.03966,-0.977565
1.70527,1.57668,1.53417,1.68506,2.72368,1.53703,0.17846,Mobile,1.147,0.00286,-1.5066
1.66127,1.79061,1.34871,2.24898,2.79859,1.42335,0.0931669,Mobile,1.00798,0.07464,-2.1558131
1.70195,1.43343,1.54603,1.12366,2.82376,1.34844,0.223817,Mobile,1.39033,-0.19759,-0.899843
1.65907,1.77231,1.41708,1.69964,2.95392,1.29627,0.0345897,Mobile,1.18161,-0.12081,-1.6650503
1.74669,1.65045,1.33698,1.13368,2.73673,1.5339,0.405573,DSLR,1.08628,0.19692,-0.728107
1.60143,3.98013,1.33993,2.11396,3.28755,1.25413,0.475686,Mobile,-0.69258,-0.0858,-1.638274
1.7792,1.46535,1.44919,1.21163,2.95506,1.34889,0.291934,DSLR,1.48971,-0.1003,-0.919696
1.62196,1.7586,1.28048,1.16529,2.87775,1.21357,0.562023,Mobile,1.11915,-0.06691,-0.603267
1.81993,1.17833,1.40562,1.10093,3.28169,1.38111,0.267525,Film,2.10336,-0.02451,-0.833405
1.81733,1.51356,1.46691,1.92843,3.2749,1.57529,0.434339,DSLR,1.76134,0.10838,-1.494091
1.70803,3.9478,1.40326,1.78617,2.92607,1.30826,0.447523,DSLR,-1.02173,-0.095,-1.338647
1.73695,2.00499,1.42352,1.4051,3.05029,1.27609,0.01919,Mobile,1.0453,-0.14743,-1.38591
1.639,2.53294,1.41174,1.50816,3.03892,1.57876,0.539921,Mobile,0.50598,0.16702,-0.968239
1.71533,1.45321,1.38377,1.80284,3.13703,1.45748,0.145665,DSLR,1.68382,0.07371,-1.657175
1.77879,4.90045,1.41644,1.47536,3.26678,1.45247,0.487094,Mobile,-1.63367,0.03603,-0.988266
1.59825,2.34113,1.35741,1.83062,3.29368,1.28798,0.56942,DSLR,0.95255,-0.06943,-1.2612
1.83193,1.92405,1.53445,1.33424,2.80776,1.23919,0.217756,Mobile,0.88371,-0.29526,-1.116484
1.73125,4.08697,1.46138,1.593,2.72245,1.47706,0.585571,DSLR,-1.36452,0.01568,-1.007429
1.58931,4.3369,1.38246,1.73493,2.94986,1.57217,0.141014,Mobile,-1.38704,0.18971,-1.593916
1.81507,2.65336,1.54531,1.97152,3.17288,1.21773,0.411469,Mobile,0.51952,-0.32758,-1.560051
1.66895,2.0378,1.34058,1.24529,2.97271,1.55437,0.113126,Mobile,0.93491,0.21379,-1.132164
1.50858,4.73112,1.21752,1.21449,2.96207,1.2958,0.0205634,Film,-1.76905,0.07828,-1.1939266
1.63715,2.52746,1.36514,1.58884,3.19451,1.41487,0.308762,DSLR,0.66705,0.04973,-1.280078
1.73412,1.43806,1.54347,1.33652,3.04337,1.50283,0.208747,Mobile,1.60531,-0.04064,-1.127773
1.72415,3.63262,1.47735,1.32073,2.84488,1.51295,0.527818,Mobile,-0.78774,0.0356,-0.792912
1.59135,1.97211,1.28247,1.2988,2.75409,1.4906,0.17434,DSLR,0.78198,0.20813,-1.12446
1.60042,3.96081,1.36864,1.68812,2.94537,1.3272,0.168883,Mobile,-1.01544,-0.04144,-1.519237
1.78409,3.53534,1.40548,1.21413,2.77379,1.20443,0.59306,Mobile,-0.76155,-0.20105,-0.62107
1.68942,1.96343,1.3145,2.11784,3.07845,1.46751,0.200964,Mobile,1.11502,0.15301,-1.916876
1.7105,2.90497,1.52321,1.18189,3.12447,1.23303,0.469057,DSLR,0.2195,-0.29018,-0.712833
1.60653,1.65617,1.31493,1.16537,2.82651,1.547,0.364299,Mobile,1.17034,0.23207,-0.801071
1.71463,4.03053,1.43907,1.55748,2.94363,1.21207,0.343516,Mobile,-1.0869,-0.227,-1.213964
1.71998,4.41594,1.46237,1.32709,2.76206,1.35174,0.131803,DSLR,-1.65388,-0.11063,-1.195287
1.69885,1.74204,1.54505,1.13133,3.06186,1.41926,0.141801,Mobile,1.31982,-0.12579,-0.989529
1.65085,2.52821,1.29901,1.57213,3.17027,1.34557,0.262416,Mobile,0.64206,0.04656,-1.309714
1.84013,1.99684,1.39435,2.14285,3.11577,1.29834,0.0405408,Mobile,1.11893,-0.09601,-2.1023092
1.79878,3.7053,1.63339,1.20246,3.18521,1.54762,0.27723,Mobile,-0.52009,-0.08577,-0.92523
1.71055,1.52517,1.30508,1.40871,3.22785,1.24949,0.435987,Mobile,1.70268,-0.05559,-0.972723
1.73256,3.93239,1.47385,2.33327,2.72108,1.21986,0.0902738,DSLR,-1.21131,-0.25399,-2.2429962
1.70358,4.09278,1.51906,1.56764,3.18427,1.42357,0.394659,Mobile,-0.90851,-0.09549,-1.172981
1.73993,4.07112,1.48727,1.53857,3.27958,1.20256,0.524485,DSLR,-0.79154,-0.28471,-1.014085
1.77016,4.11853,1.58393,1.4917,3.14212,1.45782,0.267763,DSLR,-0.97641,-0.12611,-1.223937
1.80207,1.90878,1.55932,1.552,2.81457,1.33464,0.144731,Mobile,0.90579,-0.22468,-1.407269
1.68654,4.0656,1.45279,1.27816,2.99699,1.29051,0.0504654,DSLR,-1.06861,-0.16228,-1.2276946
1.62435,4.03513,1.37903,2.24291,2.93563,1.59677,0.538804,Mobile,-1.0995,0.21774,-1.704106
1.60187,4.45886,1.29027,1.4132,3.24258,1.39186,0.367394,Mobile,-1.21628,0.10159,-1.045806
1.76896,1.81189,1.47001,1.66122,3.23133,1.41467,0.0776025,Mobile,1.41944,-0.05534,-1.5836175
1.83996,3.84307,1.49444,1.20305,3.25318,1.34905,0.0655171,DSLR,-0.58989,-0.14539,-1.1375329
1.75251,1.91857,1.49432,1.60658,2.79383,1.36012,0.286074,Mobile,0.87526,-0.1342,-1.320506
1.60866,1.76947,1.41462,1.40378,2.82052,1.54245,0.295706,Mobile,1.05105,0.12783,-1.108074
1.76427,4.20644,1.56318,1.56988,2.92583,1.28692,0.0557756,DSLR,-1.28061,-0.27626,-1.5141044
1.70589,1.96252,1.54493,1.57646,2.87621,1.25089,0.0642354,DSLR,0.91369,-0.29404,-1.5122246
1.7153,3.83646,1.43775,1.80431,2.91115,1.5397,0.0305429,DSLR,-0.92531,0.10195,-1.7737671
1.81367,4.25295,1.51245,2.53254,2.83083,1.5233,0.335478,DSLR,-1.42212,0.01085,-2.197062
1.78245,3.66452,1.53415,2.00761,3.23036,1.27274,0.196478,Mobile,-0.43416,-0.26141,-1.811132
1.70952,2.37764,1.34575,1.93953,3.06124,1.3542,0.466878,Mobile,0.6836,0.00845,-1.472652
1.50595,4.09802,1.12757,1.95794,2.70242,1.31669,0.407404,Mobile,-1.3956,0.18912,-1.550536
1.73726,3.67113,1.3691,1.70384,2.77705,1.50073,0.457814,Mobile,-0.89408,0.13163,-1.246026
1.59061,2.42405,1.27989,2.06312,2.73391,1.23008,0.0772729,Film,0.30986,-0.04981,-1.9858471
1.568,4.82154,1.34406,1.15139,2.99778,1.27836,0.593261,Mobile,-1.82376,-0.0657,-0.558129
1.82125,1.50853,1.66072,1.63391,2.75678,1.57382,0.170458,DSLR,1.24825,-0.0869,-1.463452
1.64793,1.63719,1.34383,1.42624,3.07162,1.47331,0.563598,DSLR,1.43443,0.12948,-0.862642
1.8422,2.41396,1.51651,2.2097,3.03614,1.44561,0.121384,DSLR,0.62218,-0.0709,-2.088316
1.53809,1.90201,1.33626,2.32861,2.86744,1.50859,0.441902,DSLR,0.96543,0.17233,-1.886708
1.72295,4.09637,1.47248,1.36854,3.1291,1.51229,0.0147954,Mobile,-0.96727,0.03981,-1.3537446
1.59096,4.15872,1.27441,2.76687,3.27098,1.20161,0.199884,DSLR,-0.88774,-0.0728,-2.566986
1.78344,1.64502,1.38269,1.30642,3.17618,1.37697,0.0577166,Film,1.53116,-0.00572,-1.2487034
1.51165,4.32024,1.13507,2.25023,2.71653,1.25067,0.14376,DSLR,-1.60371,0.1156,-2.10647
1.78397,2.03216,1.59206,1.16585,2.90627,1.51919,0.474514,Mobile,0.87411,-0.07287,-0.691336
1.58504,1.86053,1.27851,2.04976,2.78571,1.58784,0.151305,Mobile,0.92518,0.30933,-1.898455
1.64862,3.83015,1.41831,2.29527,3.13663,1.44493,0.45613,Mobile,-0.69352,0.02662,-1.83914
1.60178,3.98356,1.16614,1.26491,3.20381,1.33566,0.0912259,DSLR,-0.77975,0.16952,-1.1736841
1.64334,3.66603,1.45623,1.45757,2.8488,1.48452,0.495187,Film,-0.81723,0.02829,-0.962383
1.71883,1.9124,1.48188,1.69701,2.86581,1.50551,0.506449,Film,0.95341,0.02363,-1.190561
1.73378,3.63642,1.38916,1.7879,3.2224,1.47556,0.137443,DSLR,-0.41402,0.0864,-1.650457
1.76995,3.76165,1.56521,2.05657,2.82292,1.37453,0.54199,DSLR,-0.93873,-0.19068,-1.51458
1.69088,3.36227,1.48463,1.68849,2.70701,1.36851,0.281735,DSLR,-0.65526,-0.11612,-1.406755
1.53858,4.02338,1.34353,1.31991,3.26072,1.27921,0.599304,Film,-0.76266,-0.06432,-0.720606
1.75383,3.50767,1.60037,1.92091,2.91462,1.39249,0.258791,Mobile,-0.59305,-0.20788,-1.662119
1.57855,1.76592,1.21114,1.34117,3.00038,1.56284,0.0979095,Mobile,1.23446,0.3517,-1.2432605
1.64386,2.29856,1.36768,1.36457,2.81263,1.21868,0.0209662,Mobile,0.51407,-0.149,-1.3436038
1.77198,3.66494,1.48006,1.57137,3.15446,1.21421,0.225666,DSLR,-0.51048,-0.26585,-1.345704
1.77595,1.80763,1.38445,1.21845,2.79969,1.35899,0.0735557,DSLR,0.99206,-0.02546,-1.1448943
1.70142,3.27086,1.44069,1.72472,3.06789,1.5355,0.259029,Mobile,-0.20297,0.09481,-1.465691
1.61536,1.67489,1.26256,1.85581,2.74506,1.43717,0.479257,Mobile,1.07017,0.17461,-1.376553
1.57343,3.90701,1.17322,1.54618,2.77595,1.57621,0.334489,Mobile,-1.13106,0.40299,-1.211691
1.66392,4.45046,1.4253,1.22129,2.97295,1.37027,0.566747,Mobile,-1.47751,-0.05503,-0.654543
1.64932,1.87837,1.39663,1.75909,3.11026,1.47137,0.452394,Mobile,1.23189,0.07474,-1.306696
1.56467,2.19661,1.2788,1.43638,3.07289,1.29773,0.0751488,DSLR,0.87628,0.01893,-1.3612312
1.53874,4.08397,1.23118,1.86913,3.28405,1.22092,0.194372,Mobile,-0.79992,-0.01026,-1.674758
1.72893,1.48218,1.41605,1.68404,2.71771,1.49557,0.364977,Mobile,1.23553,0.07952,-1.319063
1.71141,3.76005,1.31465,1.72371,3.28793,1.44805,0.335954,Mobile,-0.47212,0.1334,-1.387756
1.6784,1.80834,1.32937,1.48594,2.97016,1.31316,0.42718,Film,1.16182,-0.01621,-1.05876
1.75379,1.8128,1.52248,1.15606,3.12766,1.27394,0.0349193,DSLR,1.31486,-0.24854,-1.1211407
1.81309,1.29809,1.65153,1.64906,3.25926,1.57041,0.121677,DSLR,1.96117,-0.08112,-1.527383
1.54352,4.24956,1.21341,1.78232,3.23463,1.44647,0.377538,Mobile,-1.01493,0.23306,-1.404782
1.78539,2.12145,1.56889,1.76701,2.70797,1.45228,0.576305,Mobile,0.58652,-0.11661,-1.190705
1.806,4.51892,1.56477,1.67489,2.88101,1.46025,0.163115,Mobile,-1.63791,-0.10452,-1.511775
1.79684,2.08171,1.51159,1.6571,2.79348,1.53874,0.377355,DSLR,0.71177,0.02715,-1.279745
1.73095,2.34045,1.50069,1.92038,2.73009,1.2056,0.108713,Mobile,0.38964,-0.29509,-1.811667
1.65753,4.41854,1.41565,1.20572,3.22073,1.20719,0.283694,DSLR,-1.19781,-0.20846,-0.922026
1.64524,2.51215,1.31945,1.21742,2.95374,1.48401,0.15482,Mobile,0.44159,0.16456,-1.0626
1.69841,4.97672,1.46018,1.35717,2.99113,1.24517,0.0945769,Mobile,-1.98559,-0.21501,-1.2625931
1.7041,2.40827,1.54378,2.18049,3.04767,1.52723,0.0536698,DSLR,0.6394,-0.01655,-2.1268202
1.72535,4.30007,1.36167,1.59823,2.74754,1.51056,0.403449,DSLR,-1.55253,0.14889,-1.194781
1.48401,1.99261,1.162,1.38177,3.17609,1.4582,0.521097,DSLR,1.18348,0.2962,-0.860673
1.68247,1.25377,1.36948,1.44378,2.97642,1.27711,0.0682455,DSLR,1.72265,-0.09237,-1.3755345
1.56759,2.59153,1.25615,1.54073,2.97697,1.43048,0.133213,Film,0.38544,0.17433,-1.407517
1.81909,1.7007,1.62486,2.27242,3.14881,1.3026,0.330058,Mobile,1.44811,-0.32226,-1.942362
1.64971,2.75111,1.41729,2.0149,3.05901,1.38434,0.249599,Mobile,0.3079,-0.03295,-1.765301
1.61074,3.85025,1.36342,1.46233,2.98115,1.25701,0.410718,DSLR,-0.8691,-0.10641,-1.051612
1.61847,3.5803,1.34808,1.51416,2.72161,1.55666,0.543547,DSLR,-0.85869,0.20858,-0.970613
1.4832,1.9722,1.03337,1.39358,3.09739,1.5485,0.32125,Mobile,1.12519,0.51513,-1.07233
1.66704,4.8307,1.46158,1.30156,2.72935,1.28218,0.421119,Mobile,-2.10135,-0.1794,-0.880441
1.59956,4.06715,1.38172,1.30975,3.27343,1.58447,0.511942,Mobile,-0.79372,0.20275,-0.797808
1.70797,4.6647,1.49553,1.12984,3.07175,1.42386,0.310263,DSLR,-1.59295,-0.07167,-0.819577
1.77104,4.27657,1.43752,1.62442,2.74517,1.50538,0.295523,Mobile,-1.5314,0.06786,-1.328897
1.72506,2.3427,1.51093,2.22843,2.74001,1.56935,0.100821,DSLR,0.39731,0.05842,-2.127609
1.75461,3.41704,1.44477,1.53162,3.16173,1.42851,0.274648,Mobile,-0.25531,-0.01626,-1.256972
1.69194,4.63903,1.39516,1.38722,2.85E+00,1.33166,0.117246,Mobile,-1.78903,-0.0635,-1.269974
1.80124,1.95247,1.64772,1.26669,3.06446,1.23965,0.504892,Mobile,1.11199,-0.40807,-0.761798
1.73282,3.97449,1.47748,1.60484,2.75512,1.29104,0.104758,Mobile,-1.21937,-0.18644,-1.500082
1.67244,1.35678,1.47908,1.12182,3.07375,1.36972,0.224512,DSLR,1.71697,-0.10936,-0.897308
1.60081,1.46576,1.39063,1.51976,3.04308,1.31585,0.41059,DSLR,1.57732,-0.07478,-1.10917
1.61751,1.41294,1.40201,2.00773,2.86429,1.59416,0.482443,Mobile,1.45135,0.19215,-1.525287
1.66309,3.55064,1.41136,2.0018,2.71013,1.39979,0.241231,DSLR,-0.84051,-0.01157,-1.760569
1.6933,4.09958,1.36651,2.33961,3.11028,1.49244,0.495279,Film,-0.9893,0.12593,-1.844331
1.83604,3.71334,1.59242,1.7269,3.18153,1.55307,0.177398,Film,-0.53181,-0.03935,-1.549502
1.6582,3.51856,1.44901,1.48848,3.08191,1.20527,0.465084,Mobile,-0.43665,-0.24374,-1.023396
1.75883,1.94456,1.54748,1.53913,2.84702,1.48502,0.227223,Mobile,0.90246,-0.06246,-1.311907
1.75351,4.83618,1.37197,1.10403,2.87412,1.32696,0.488888,DSLR,-1.96206,-0.04501,-0.615142
1.72229,3.90621,1.57064,1.20276,3.23023,1.4155,0.599854,Mobile,-0.67598,-0.15514,-0.602906
1.61319,2.18627,1.45337,1.1982,2.74918,1.37026,0.491159,Mobile,0.56291,-0.08311,-0.707041
1.66974,4.53302,1.44201,1.29379,3.2245,1.55284,0.0797632,Mobile,-1.30852,0.11083,-1.2140268
1.55125,1.87048,1.2181,1.29039,3.17407,1.24169,0.410718,DSLR,1.30359,0.02359,-0.879672
1.66421,4.05917,1.47382,1.68023,3.1272,1.5756,0.383966,Mobile,-0.93197,0.10178,-1.296264
1.6467,4.52134,1.42021,1.79602,2.83402,1.56426,0.173095,Mobile,-1.68732,0.14405,-1.622925
1.71547,4.14657,1.52699,1.91465,2.703,1.25571,0.582385,Mobile,-1.44357,-0.27128,-1.332265
1.63169,3.63531,1.37472,1.80977,3.00367,1.28539,0.479714,DSLR,-0.63164,-0.08933,-1.330056
1.721,4.1822,1.3481,1.46555,3.00796,1.56072,0.16361,DSLR,-1.17424,0.21262,-1.30194
1.8081,4.34419,1.60501,1.46284,2.95669,1.20763,0.345109,Mobile,-1.3875,-0.39738,-1.117731
1.67079,3.85749,1.48955,1.23606,2.80505,1.37211,0.22649,Mobile,-1.05244,-0.11744,-1.00957
1.7278,3.27177,1.51254,2.05091,3.19532,1.47934,0.213471,Mobile,-0.07645,-0.0332,-1.837439
1.6657,2.15289,1.45299,1.88386,2.90323,1.55787,0.379351,Mobile,0.75034,0.10488,-1.504509
1.62803,3.80555,1.34076,1.97163,2.9813,1.28311,0.585772,DSLR,-0.82425,-0.05765,-1.385858
1.81236,2.17056,1.38125,1.59363,3.25029,1.53622,0.027778,DSLR,1.07973,0.15497,-1.565852
1.74881,1.56182,1.58526,1.11799,2.94896,1.55946,0.188495,Mobile,1.38714,-0.0258,-0.929495
1.59124,2.90273,1.4029,2.28842,3.11162,1.26834,0.432398,Film,0.20889,-0.13456,-1.856022
1.74087,1.58826,1.48455,2.03822,2.8822,1.40292,0.415735,Mobile,1.29394,-0.08163,-1.622485
1.80598,3.69177,1.56485,2.18999,2.9656,1.4176,0.0176702,DSLR,-0.72617,-0.14725,-2.1723198
1.70655,2.38394,1.31416,1.62842,3.03617,1.36858,0.275289,Mobile,0.65223,0.05442,-1.353131
1.63944,4.33309,1.46438,1.15901,2.84715,1.41243,0.313413,Mobile,-1.48594,-0.05195,-0.845597
1.47639,3.6232,1.17119,1.42878,3.28539,1.52605,0.570428,Mobile,-0.33781,0.35486,-0.858352
1.69817,4.51184,1.48654,2.00708,2.97038,1.35093,0.00964995,Mobile,-1.54146,-0.13561,-1.99743005
1.59694,3.23572,1.41286,2.00164,3.07897,1.49867,0.348515,Film,-0.15675,0.08581,-1.653125
1.61079,1.42706,1.36768,1.3732,3.16208,1.48412,0.506613,Mobile,1.73502,0.11644,-0.866587
1.66929,4.29982,1.24349,1.35227,3.08484,1.52539,0.147588,Mobile,-1.21498,0.2819,-1.204682
1.74659,3.39758,1.31864,2.08928,2.73664,1.21567,0.440748,DSLR,-0.66094,-0.10297,-1.648532
1.69343,4.48228,1.28057,1.18315,3.1037,1.38283,0.472225,DSLR,-1.37858,0.10226,-0.710925
1.66801,2.13143,1.38527,2.15413,2.74444,1.35573,0.168407,Mobile,0.61301,-0.02954,-1.985723
1.79539,2.01911,1.59884,1.3552,3.13408,1.40493,0.430018,DSLR,1.11497,-0.19391,-0.925182
1.73468,4.00528,1.43259,1.28647,3.22414,1.56576,0.287887,Mobile,-0.78114,0.13317,-0.998583
1.67955,3.4665,1.36789,1.51698,2.77004,1.23772,0.559862,DSLR,-0.69646,-0.13017,-0.957118
1.78642,1.88286,1.47741,1.28554,2.79077,1.53268,0.181591,Mobile,0.90791,0.05527,-1.103949
1.67082,3.49297,1.36338,1.68686,2.81241,1.36695,0.383197,Film,-0.68056,0.00357,-1.303663
1.64862,4.30892,1.33777,1.37038,2.79053,1.4092,0.459334,Mobile,-1.51839,0.07143,-0.911046
1.74666,4.64485,1.5768,1.19437,3.07488,1.45559,0.10961,DSLR,-1.56997,-0.12121,-1.08476
1.78141,3.52256,1.52498,1.62131,2.9537,1.2581,0.284005,Film,-0.56886,-0.26688,-1.337305
1.63497,2.06956,1.42167,2.06976,3.26644,1.32923,0.0279611,DSLR,1.19688,-0.09244,-2.0417989
1.76197,2.3384,1.39434,1.79383,2.77663,1.43792,0.0610309,DSLR,0.43823,0.04358,-1.7327991
1.56643,1.41426,1.41052,1.23668,2.73107,1.4465,0.414399,DSLR,1.31681,0.03598,-0.822281
1.62254,1.45401,1.46889,1.21103,2.76466,1.26758,0.472628,DSLR,1.31065,-0.20131,-0.738402
1.71569,1.88504,1.47636,1.37343,2.92636,1.49221,0.28818,Mobile,1.04132,0.01585,-1.08525
1.55565,4.5856,1.25626,1.86691,2.96644,1.50736,0.538182,Mobile,-1.61916,0.2511,-1.328728
1.50656,2.09234,1.24363,1.39136,3.0216,1.53056,0.247127,Mobile,0.92926,0.28693,-1.144233
1.71223,4.61552,1.45063,1.21182,3.13156,1.59381,0.0823084,DSLR,-1.48396,0.14318,-1.1295116
1.53444,2.65305,1.30209,1.85188,3.29756,1.55616,0.513334,Film,0.64451,0.25407,-1.338546
1.84922,1.9117,1.60901,1.80804,3.12235,1.56612,0.291366,Mobile,1.21065,-0.04289,-1.516674
1.61007,4.72614,1.44444,1.19745,3.12828,1.48004,0.0208014,DSLR,-1.59786,0.0356,-1.1766486
1.69479,3.90481,1.37381,1.67578,3.1113,1.22129,0.539885,DSLR,-0.79351,-0.15252,-1.135895
1.61441,2.25545,1.23574,1.78228,2.8268,1.38841,0.276205,Mobile,0.57135,0.15267,-1.506075
1.76388,4.44613,1.53966,1.15255,2.79527,1.23577,0.168242,Film,-1.65086,-0.30389,-0.984308
1.53648,2.0226,1.32039,1.19142,2.73571,1.31158,0.0236946,DSLR,0.71311,-0.00881,-1.1677254
1.73133,3.25174,1.45708,1.6764,2.75764,1.59103,0.392846,DSLR,-0.4941,0.13395,-1.283554
1.81569,2.61667,1.45661,2.07137,2.84382,1.54051,0.0455947,DSLR,0.22715,0.0839,-2.0257753
1.52976,1.70896,1.30288,1.43209,3.00992,1.24042,0.0297556,Film,1.30096,-0.06246,-1.4023344
1.60072,4.49137,1.42715,1.23538,2.91028,1.52846,0.529557,DSLR,-1.58109,0.10131,-0.705823
1.59014,3.65231,1.3259,1.21696,3.04372,1.55517,0.0134587,Mobile,-0.60859,0.22927,-1.2035013
1.80363,2.12868,1.44953,1.28912,2.77755,1.21543,0.133927,Mobile,0.64887,-0.2341,-1.155193
1.81446,3.54339,1.57646,2.00806,3.22478,1.48648,0.191662,Mobile,-0.31861,-0.08998,-1.816398
1.62609,1.47476,1.30582,2.01943,2.85396,1.21266,0.182598,Mobile,1.3792,-0.09316,-1.836832
1.69031,2.22624,1.52738,1.72955,2.85973,1.38179,0.377557,Mobile,0.63349,-0.14559,-1.351993
1.83292,3.30825,1.64833,1.68659,3.24772,1.28477,0.319913,DSLR,-0.06053,-0.36356,-1.366677
1.72822,4.30943,1.35258,1.69233,3.16741,1.3923,0.540819,DSLR,-1.14202,0.03972,-1.151511
1.51041,3.43968,1.11068,1.86305,2.73322,1.56714,0.457888,Mobile,-0.70646,0.45646,-1.405162
1.71024,3.91595,1.54918,1.1092,3.28557,1.40948,0.118418,Film,-0.63038,-0.1397,-0.990782
1.71138,1.23803,1.4315,1.13942,3.2311,1.55587,0.146159,Mobile,1.99307,0.12437,-0.993261
1.62005,1.88668,1.35251,1.6106,2.94449,1.26791,0.326707,DSLR,1.05781,-0.0846,-1.283893
1.76158,1.85163,1.53321,1.25676,2.98302,1.30795,0.596338,Mobile,1.13139,-0.22526,-0.660422
1.72994,1.98467,1.52297,1.86942,2.93852,1.35209,0.4558,Mobile,0.95385,-0.17088,-1.41362
1.66432,3.72038,1.38812,2.0989,2.70295,1.48907,0.49191,DSLR,-1.01743,0.10095,-1.60699
1.73535,4.0074,1.49786,1.81629,3.22709,1.54466,0.427784,DSLR,-0.78031,0.0468,-1.388506
1.64666,4.4297,1.30293,1.29754,3.08558,1.50654,0.414911,DSLR,-1.34412,0.20361,-0.882629
1.80342,4.53577,1.60152,1.24901,2.99596,1.45341,0.599707,DSLR,-1.53981,-0.14811,-0.649303
1.719,3.6735,1.54153,1.75277,2.95354,1.5649,0.420643,Mobile,-0.71996,0.02337,-1.332127
1.48705,2.34381,1.23013,1.54157,3.11072,1.45492,0.29285,Mobile,0.76691,0.22479,-1.24872
1.73994,2.34364,1.52787,1.31116,2.82444,1.48178,0.191754,Mobile,0.4808,-0.04609,-1.119406
1.65703,3.36351,1.48926,1.74645,3.2929,1.49183,0.429377,DSLR,-0.07061,0.00257,-1.317073
1.58437,3.94922,1.29441,1.44469,2.77936,1.30121,0.102762,Mobile,-1.16986,0.0068,-1.341928
1.59141,1.57593,1.41383,1.25196,2.85057,1.56178,0.357579,Mobile,1.27464,0.14795,-0.894381
1.69228,4.26191,1.50867,1.9284,3.01328,1.3423,0.0264412,Mobile,-1.24863,-0.16637,-1.9019588
1.67368,4.11394,1.31001,1.26056,3.29465,1.23504,0.247163,Mobile,-0.81929,-0.07497,-1.013397
1.76895,4.18467,1.53337,1.18373,3.14972,1.52041,0.213233,Film,-1.03495,-0.01296,-0.970497
1.66316,1.52281,1.43761,1.69385,3.07162,1.33872,0.335734,Mobile,1.54881,-0.09889,-1.358116
1.66233,3.74193,1.45102,1.72091,3.29982,1.5786,0.475008,DSLR,-0.44211,0.12758,-1.245902
1.71393,1.88585,1.33009,1.27032,3.14465,1.54477,0.00747092,DSLR,1.2588,0.21468,-1.26284908
1.84209,1.86148,1.53469,1.11702,2.94799,1.26663,0.204242,DSLR,1.08651,-0.26806,-0.912778
1.74054,3.59907,1.58432,2.06813,2.85378,1.39936,0.585809,DSLR,-0.74529,-0.18496,-1.482321
1.63614,2.19684,1.44642,1.83377,3.04471,1.30523,0.260164,Mobile,0.84787,-0.14119,-1.573606
1.71088,2.55173,1.4627,2.13935,2.98686,1.33136,0.420643,DSLR,0.43513,-0.13134,-1.718707
1.73219,4.01465,1.28297,1.14897,3.18812,1.37292,0.252821,DSLR,-0.82653,0.08995,-0.896149
1.71267,3.50008,1.44266,2.02535,3.29211,1.57703,0.552171,DSLR,-0.20797,0.13437,-1.473179
1.66636,3.72546,1.5076,1.1779,2.87551,1.55304,0.0564898,Mobile,-0.84995,0.04544,-1.1214102
1.57362,2.47815,1.20857,2.00617,2.9637,1.5586,0.531773,DSLR,0.48555,0.35003,-1.474397
1.67411,1.7617,1.50957,1.51216,2.906,1.47843,0.283602,Mobile,1.1443,-0.03114,-1.228558
1.61621,1.71113,1.45591,1.54904,2.73188,1.25452,0.281716,DSLR,1.02075,-0.20139,-1.267324
1.63784,4.20467,1.3041,2.53557,2.71558,1.21128,0.350529,DSLR,-1.48909,-0.09282,-2.185041
1.63508,1.80392,1.29937,1.14245,3.28843,1.49828,0.174798,DSLR,1.48451,0.19891,-0.967652
1.69133,1.96481,1.29053,1.25078,2.9259,1.29561,0.266353,DSLR,0.96109,0.00508,-0.984427
1.62146,3.88207,1.32827,1.20794,2.87888,1.54383,0.215119,Mobile,-1.00319,0.21556,-0.992821
1.70343,4.22281,1.436,1.79381,2.88793,1.21987,0.575976,DSLR,-1.33488,-0.21613,-1.217834
1.65394,2.22787,1.46518,1.87875,3.19301,1.23493,0.10126,Mobile,0.96514,-0.23025,-1.77749
1.63973,3.80132,1.21082,1.80366,3.10182,1.32737,0.58872,Mobile,-0.6995,0.11655,-1.21494
1.79054,2.02836,1.39038,1.6589,2.98439,1.31576,0.453273,Mobile,0.95603,-0.07462,-1.205627
1.72582,4.22769,1.35645,1.81749,2.89413,1.41157,0.123783,Mobile,-1.33356,0.05512,-1.693707
1.81402,1.66488,1.38317,1.21012,2.95066,1.22056,0.384313,DSLR,1.28578,-0.16261,-0.825807
1.79066,1.9522,1.50941,1.34345,3.23392,1.43431,0.103787,DSLR,1.28172,-0.0751,-1.239663
1.77058,1.57822,1.4042,1.31959,3.10548,1.47965,0.0987335,Film,1.52726,0.07545,-1.2208565
1.78782,4.40514,1.47447,1.32755,3.26834,1.20407,0.02743,Mobile,-1.1368,-0.2704,-1.30012
1.61946,2.6705,1.35983,1.82013,2.97357,1.27926,0.09747,Mobile,0.30307,-0.08057,-1.72266
1.78126,1.58142,1.60561,1.7168,2.85993,1.25187,0.252913,Film,1.27851,-0.35374,-1.463887
1.64668,1.39495,1.44416,2.27303,3.2401,1.51301,0.272085,Mobile,1.84515,0.06885,-2.000945
1.73254,4.07364,1.37899,1.38991,2.70597,1.34235,0.523002,Mobile,-1.36767,-0.03664,-0.866908
1.58897,2.09392,1.16608,1.43754,2.98549,1.46195,0.0687216,Mobile,0.89157,0.29587,-1.3688184
1.72291,1.92394,1.29359,1.40417,2.92162,1.25753,0.263186,Mobile,0.99768,-0.03606,-1.140984
1.78224,2.33756,1.44033,1.45368,3.13721,1.44132,0.00335093,Mobile,0.79965,0.00099,-1.45032907
1.7443,3.89616,1.41486,2.032,3.06792,1.49072,0.484255,Mobile,-0.82824,0.07586,-1.547745
1.62089,2.09912,1.33256,1.739,3.06944,1.55102,0.309293,DSLR,0.97032,0.21846,-1.429707
1.73166,4.56719,1.4523,1.22346,2.70608,1.288,0.220173,DSLR,-1.86111,-0.1643,-1.003287
1.60759,2.47869,1.44356,1.96782,2.78205,1.26758,0.598444,Mobile,0.30336,-0.17598,-1.369376
1.68567,3.9781,1.41585,1.8534,3.05915,1.27505,0.532981,Film,-0.91895,-0.1408,-1.320419
1.66889,1.62172,1.44581,1.15006,2.99034,1.21504,0.517545,DSLR,1.36862,-0.23077,-0.632515
1.5735,1.79034,1.2812,1.49047,2.86224,1.30641,0.0155828,Mobile,1.0719,0.02521,-1.4748872
1.53668,3.89262,1.179,1.72517,2.95619,1.45214,0.480483,Mobile,-0.93643,0.27314,-1.244687
1.7481,1.83707,1.31201,1.32048,2.78282,1.57505,0.224,DSLR,0.94575,0.26304,-1.09648
1.65758,4.74651,1.49524,1.58148,2.79267,1.21349,0.0579913,Mobile,-1.95384,-0.28175,-1.5234887
1.79249,4.38987,1.52631,1.25091,3.09217,1.21948,0.169927,Mobile,-1.2977,-0.30683,-1.080983
1.62266,3.94762,1.38882,1.95752,2.87269,1.24223,0.30629,Mobile,-1.07493,-0.14659,-1.65123
1.70787,4.06824,1.50313,1.4565,2.9691,1.26626,0.10538,Mobile,-1.09914,-0.23687,-1.35112
1.6783,4.11621,1.36317,1.40567,2.87319,1.25138,0.415168,DSLR,-1.24302,-0.11179,-0.990502
1.57973,4.26163,1.36718,1.46033,2.91757,1.34476,0.330131,Mobile,-1.34406,-0.02242,-1.130199
1.75831,4.13183,1.49344,1.17769,3.28632,1.25178,0.357744,DSLR,-0.84551,-0.24166,-0.819946
1.80419,3.96369,1.56793,1.9227,3.07908,1.41247,0.25359,Mobile,-0.88461,-0.15546,-1.66911
1.65538,1.6445,1.37457,1.28499,2.92845,1.28394,0.522398,Mobile,1.28395,-0.09063,-0.762592
1.70849,3.36534,1.48679,2.25092,3.12121,1.52772,0.242219,DSLR,-0.24413,0.04093,-2.008701
1.6705,4.19858,1.42816,1.57988,3.07867,1.49109,0.408246,DSLR,-1.11991,0.06293,-1.171634
1.78742,1.65993,1.42016,1.5322,3.08371,1.30771,0.0836451,Mobile,1.42378,-0.11245,-1.4485549
1.60693,4.23235,1.26696,1.2742,2.7776,1.47137,0.565905,Mobile,-1.45475,0.20441,-0.708295
1.77734,3.07378,1.58635,1.77873,3.06318,1.30904,0.198987,Film,-0.0106,-0.27731,-1.579743
1.74578,2.66417,1.56399,2.46104,3.1183,1.24636,0.264028,Mobile,0.45413,-0.31763,-2.197012
1.76039,4.33783,1.57843,1.43788,2.91766,1.56857,0.0342601,Mobile,-1.42017,-0.00986,-1.4036199
1.67842,1.60812,1.23039,1.52191,3.25995,1.58347,0.463601,Mobile,1.65183,0.35308,-1.058309
1.73878,2.43997,1.38777,1.44419,2.87245,1.54173,0.362615,Mobile,0.43248,0.15396,-1.081575
1.60196,3.88839,1.43514,1.16569,2.99594,1.20967,0.380633,DSLR,-0.89245,-0.22547,-0.785057
1.72333,4.32696,1.48492,1.61164,3.2083,1.47628,0.328025,DSLR,-1.11866,-0.00864,-1.283615
1.74245,2.41422,1.57082,1.46904,3.00764,1.45435,0.219001,Mobile,0.59342,-0.11647,-1.250039
1.71161,2.09706,1.4614,1.94108,2.71324,1.45837,0.162365,Mobile,0.61618,-0.00303,-1.778715
1.50737,3.78241,1.12443,1.51717,3.23465,1.45837,0.154308,Mobile,-0.54776,0.33394,-1.362862
1.4902,4.73534,1.1397,1.14606,3.07948,1.36902,0.406525,Film,-1.65586,0.22932,-0.739535
1.65391,3.66121,1.49254,1.50563,3.09338,1.28711,0.3502,Mobile,-0.56783,-0.20543,-1.15543
1.81257,2.72801,1.47328,2.07944,2.72633,1.58823,0.167217,DSLR,-0.00168,0.11495,-1.912223
1.73615,4.27741,1.57977,1.61322,2.77484,1.28495,0.488412,Mobile,-1.50257,-0.29482,-1.124808
1.56416,4.29566,1.40504,1.33863,2.83058,1.28402,0.240535,DSLR,-1.46508,-0.12102,-1.098095
1.56342,3.92465,1.33912,1.1051,2.75294,1.40856,0.593664,Film,-1.17171,0.06944,-0.511436
1.61651,1.92455,1.46609,1.73231,3.0456,1.32452,0.433534,Mobile,1.12105,-0.14157,-1.298776
1.65542,4.55713,1.38382,1.52763,3.13463,1.27669,0.434797,Mobile,-1.4225,-0.10713,-1.092833
1.48378,4.23208,1.12892,2.0266,3.09032,1.44976,0.515165,Mobile,-1.14176,0.32084,-1.511435
1.59123,4.2287,1.42661,1.53615,2.98302,1.47384,0.48323,Mobile,-1.24568,0.04723,-1.05292
1.59631,1.51749,1.31598,1.19029,3.28938,1.54155,0.127702,Mobile,1.77189,0.22557,-1.062588
1.68222,2.42505,1.45384,1.53213,3.04489,1.24529,0.510239,DSLR,0.61984,-0.20855,-1.021891
1.5752,4.34426,1.37037,1.25684,2.8457,1.42817,0.490005,Mobile,-1.49856,0.0578,-0.766835
1.54901,4.40559,1.19509,1.61926,3.01369,1.52115,0.0039552,DSLR,-1.3919,0.32606,-1.6153048
1.75851,3.2456,1.59079,1.49543,2.72681,1.46192,0.223798,Mobile,-0.51879,-0.12887,-1.271632
1.54809,2.44542,1.37158,1.32083,2.75936,1.20664,0.0878018,DSLR,0.31394,-0.16494,-1.2330282
1.83317,4.27249,1.67228,1.97847,2.94592,1.5068,0.134294,DSLR,-1.32657,-0.16548,-1.844176
1.59963,3.9035,1.26324,1.42973,2.85621,1.27647,0.321085,Mobile,-1.04729,0.01323,-1.108645
1.65268,1.96877,1.4997,1.63409,2.91935,1.37371,0.27626,DSLR,0.95058,-0.12599,-1.35783
1.64873,1.95996,1.2456,1.7248,3.03996,1.41046,0.263387,Mobile,1.08,0.16486,-1.461413
1.67784,4.93833,1.33271,1.31171,3.08126,1.54105,0.537065,Mobile,-1.85707,0.20834,-0.774645
1.65698,1.85987,1.38255,1.10196,2.92559,1.30817,0.383911,Mobile,1.06572,-0.07438,-0.718049
1.77529,2.17488,1.5526,1.37269,3.23708,1.59768,0.067513,Film,1.0622,0.04508,-1.305177
1.73598,3.95753,1.42104,1.4346,3.01676,1.41995,0.196918,Mobile,-0.94077,-0.00109,-1.237682
1.51912,3.79301,1.27905,2.37973,3.03694,1.2463,0.192303,Mobile,-0.75607,-0.03275,-2.187427
1.76681,2.24583,1.45527,2.24994,3.13833,1.23178,0.204645,Mobile,0.8925,-0.22349,-2.045295
1.75397,1.56385,1.49604,1.31742,3.05016,1.30439,0.130668,Film,1.48631,-0.19165,-1.186752
1.76719,1.39566,1.55238,1.15516,2.92325,1.4416,0.128892,DSLR,1.52759,-0.11078,-1.026268
1.71727,3.6499,1.39643,1.41089,2.82219,1.54018,0.359136,Film,-0.82771,0.14375,-1.051754
1.67379,2.18228,1.27396,1.56216,3.28495,1.36458,0.0124332,Mobile,1.10267,0.09062,-1.5497268
1.71824,3.10799,1.30319,2.12818,2.79525,1.58151,0.547118,DSLR,-0.31274,0.27832,-1.581062
1.58834,2.63355,1.19144,1.85351,2.70646,1.50473,0.271792,DSLR,0.07291,0.31329,-1.581718
1.56823,2.12919,1.31907,1.86158,2.87396,1.33465,0.296915,DSLR,0.74477,0.01558,-1.564665
1.62248,3.30641,1.2623,2.58446,2.87776,1.43041,0.0821802,Mobile,-0.42865,0.16811,-2.5022798
1.84058,3.39605,1.61266,1.79461,2.7169,1.55089,0.419214,Mobile,-0.67915,-0.06177,-1.375396
1.59789,4.1753,1.21582,1.23359,3.11218,1.2913,0.376403,DSLR,-1.06312,0.07548,-0.857187
1.56942,2.67331,1.34296,1.12535,3.13597,1.37825,0.375433,Film,0.46266,0.03529,-0.749917
1.72497,2.30561,1.40976,1.61512,2.87353,1.51426,0.038435,Mobile,0.56792,0.1045,-1.576685
1.54013,1.78277,1.28717,1.71509,2.88393,1.53583,0.418006,Mobile,1.10116,0.24866,-1.297084
1.78939,3.80164,1.53707,1.49115,3.24501,1.41552,0.573321,Mobile,-0.55663,-0.12155,-0.917829
1.67986,2.34529,1.29555,1.77937,2.81247,1.54831,0.460085,Mobile,0.46718,0.25276,-1.319285
1.71849,1.63706,1.3432,1.25068,3.27103,1.26695,0.0343699,Mobile,1.63397,-0.07625,-1.2163101
1.82572,1.67328,1.49237,1.95202,3.28086,1.2782,0.00574969,DSLR,1.60758,-0.21417,-1.94627031
1.67517,4.83297,1.28893,1.23286,3.00354,1.35356,0.489254,Mobile,-1.82943,0.06463,-0.743606
1.63781,3.21717,1.2113,2.07939,3.19738,1.59309,0.171978,Mobile,-0.01979,0.38179,-1.907412
1.69729,1.83361,1.494,1.34773,3.18374,1.35994,0.205652,Film,1.35013,-0.13406,-1.142078
1.75962,3.63699,1.34349,2.13886,2.77431,1.20568,0.133708,Mobile,-0.86268,-0.13781,-2.005152
1.70844,2.08481,1.41604,1.29414,3.19063,1.22323,0.23852,Mobile,1.10582,-0.19281,-1.05562
1.84868,3.71925,1.42988,1.91394,2.7779,1.32397,0.423133,Mobile,-0.94135,-0.10591,-1.490807
1.77148,3.96034,1.40157,1.80252,2.78758,1.58987,0.199335,DSLR,-1.17276,0.1883,-1.603185
1.72908,4.66663,1.48279,1.15286,2.95443,1.54895,0.0146672,DSLR,-1.7122,0.06616,-1.1381928
1.67694,3.31398,1.41111,1.54196,3.29839,1.41374,0.289425,Mobile,-0.01559,0.00263,-1.252535
1.76736,3.38597,1.43355,1.71851,3.2137,1.45767,0.2266,Mobile,-0.17227,0.02412,-1.49191
1.61397,1.89171,1.4413,1.95248,2.94348,1.23333,0.577825,Mobile,1.05177,-0.20797,-1.374655
1.77254,2.52977,1.55149,1.4098,3.05128,1.3088,0.570757,Mobile,0.52151,-0.24269,-0.839043
1.71002,4.06182,1.50316,1.55316,2.96842,1.26522,0.205615,Film,-1.0934,-0.23794,-1.347545
1.60538,1.90678,1.41417,1.65425,2.79059,1.50843,0.181628,Mobile,0.88381,0.09426,-1.472622
1.8432,4.07564,1.5109,1.93312,3.09504,1.25153,0.0976165,Mobile,-0.9806,-0.25937,-1.8355035
1.67912,4.49745,1.4238,2.39321,2.72622,1.47343,0.155919,Mobile,-1.77123,0.04963,-2.237291
1.6672,1.7949,1.27815,1.51474,2.92704,1.59864,0.462612,DSLR,1.13214,0.32049,-1.052128
1.56672,2.62457,1.18788,2.02371,3.14963,1.53015,0.0338755,Film,0.52506,0.34227,-1.9898345
1.71319,4.35465,1.52189,1.77377,2.8412,1.54501,0.263515,DSLR,-1.51345,0.02312,-1.510255
1.67713,4.551,1.47585,1.49631,3.1384,1.28554,0.553764,Mobile,-1.4126,-0.19031,-0.942546
1.74368,2.36884,1.3471,1.52404,2.99528,1.49526,0.139,Mobile,0.62644,0.14816,-1.38504
1.78545,2.30189,1.51553,1.51664,2.89082,1.30865,0.510477,DSLR,0.58893,-0.20688,-1.006163
1.7821,3.18008,1.49764,2.27499,2.98397,1.25824,0.357195,DSLR,-0.19611,-0.2394,-1.917795
1.67882,2.09059,1.42096,1.81963,3.28605,1.55959,0.449995,Film,1.19546,0.13863,-1.369635
1.72874,5.05278,1.43722,1.31015,3.17418,1.32647,0.0831324,DSLR,-1.8786,-0.11075,-1.2270176
1.66279,3.48642,1.39646,2.03296,3.25223,1.40381,0.430256,DSLR,-0.23419,0.00735,-1.602704
1.6208,4.00168,1.25088,1.57508,3.05093,1.33445,0.341319,Mobile,-0.95075,0.08357,-1.233761
1.7021,2.15261,1.48273,1.5059,3.02293,1.44893,0.380322,Film,0.87032,-0.0338,-1.125578
1.68748,3.834,1.53249,1.48742,3.00486,1.23346,0.154234,Mobile,-0.82914,-0.29903,-1.333186
1.75221,4.31303,1.58672,1.74796,3.06375,1.24177,0.488852,Mobile,-1.24928,-0.34495,-1.259108
1.63105,3.34649,1.36013,2.17993,3.09303,1.32019,0.238411,DSLR,-0.25346,-0.03994,-1.941519
1.74458,3.82309,1.3654,1.61159,3.14981,1.46303,0.552922,DSLR,-0.67328,0.09763,-1.058668
1.67938,4.53177,1.40708,1.18358,2.80375,1.45684,0.139036,DSLR,-1.72802,0.04976,-1.044544
1.65066,4.54092,1.49027,1.52172,2.77603,1.45712,0.5189,Mobile,-1.76489,-0.03315,-1.00282
1.70311,3.98334,1.4352,1.45456,3.15719,1.22007,0.184704,DSLR,-0.82615,-0.21513,-1.269856
1.61826,2.11174,1.45129,1.84367,3.18078,1.53465,0.546165,Mobile,1.06904,0.08336,-1.297505
1.65751,2.20581,1.32162,1.65387,3.17265,1.3164,0.143046,Film,0.96684,-0.00522,-1.510824
1.80736,1.69996,1.62836,1.35428,3.1645,1.28507,0.425202,DSLR,1.46454,-0.34329,-0.929078
1.78205,1.79479,1.45943,1.53627,2.83393,1.20146,0.559111,Mobile,1.03914,-0.25797,-0.977159
1.6556,1.75621,1.47353,1.59606,2.78465,1.33702,0.281277,Mobile,1.02844,-0.13651,-1.314783
1.77727,4.20068,1.52325,2.05488,2.78397,1.24075,0.457027,DSLR,-1.41671,-0.2825,-1.597853
1.63581,1.93647,1.42014,1.29407,2.90801,1.40368,0.594836,Film,0.97154,-0.01646,-0.699234
